sy_name,hostname,hd_name,hip_name,sy_snum,sy_pnum,sy_mnum,cb_flag,st_refname,st_spectype,st_teff,st_rad,st_mass,st_met,st_metratio,st_lum,st_logg,st_age,st_dens,st_vsin,st_rotp,sy_refname,ra,dec,glat,glon,sy_dist,sy_vmag,sy_gaiamag,rocky_count,gas_giant_count,ice_giant_count,has_rocky_planet,has_gas_giant,has_ice_giant,has_rocky_planet_in_carbon_zone,has_rocky_planet_in_sulfur_zone,has_rocky_planet_in_silicon_zone,has_gas_planet_in_carbon_zone,has_gas_planet_in_sulfur_zone,has_gas_planet_in_silicon_zone,distance_from_sol_ly,calculated_x,calculated_y,calculated_z,carbon_ranking,sulfur_ranking,silicon_ranking,combined_score,stability_score,stability_symbol,manual_entry,distance_from_origin_ly,origin_hostname
Sol,Sol,,,1.0,8.0,421.0,0,,G2 V,5772.0,1.0,1.0,0.0,Fe/H,0.0,4.44,4.6,1.41,1.997,25.0,,0.0,0.0,0.0,0.0,0.0,-26.74,-26.8,4,4,2,1,1,1,1,1,1,1,1,1,0.0,0.0,0.0,0.0,3.0,3.0,3.0,3.0,0,circle,1,0.0,Sol
55 Cnc,55 Cnc,HD 75732,HIP 43587,2.0,7.0,0.0,0,<a refstr=BUTLER_ET_AL__1997 href=https://ui.adsabs.harvard.edu/abs/1997ApJ...474L.115B/abstract target=ref> Butler et al. 1997 </a>,G8 V,5200.0,,0.85,0.23,[Fe/H],,4.5,5.0,,2.0,44.0,<a refstr=STASSUN_ET_AL__2019 href=https://ui.adsabs.harvard.edu/abs/2019AJ....158..138S/abstract target=ref>TICv8</a>,133.1468373,28.3298154,37.69663,196.79526,12.5855,5.95084,5.72973,0,4,0,0,1,0,0,0,0,1,2,3,41.04836338,-24.70962177143627,26.36204946942983,19.47934998557246,1.0,2.0,3.0,2.0,0,circle,0,41.04836338,Sol
55 Cnc,55 Cnc B,,,2.0,7.0,0.0,0,<a refstr=MOUTOU_ET_AL_2026 href=https://ui.adsabs.harvard.edu/abs/2026A&A...705A.190M/abstract target=ref>Moutou et al. 2026</a>,M4.5 V,3286.0,0.274,0.26,0.16,[M/H],,4.86,10.0,,1.29,92.0,<a refstr=STASSUN_ET_AL__2019 href=https://ui.adsabs.harvard.edu/abs/2019AJ....158..138S/abstract target=ref>TICv8</a>,133.167908,28.3152863,37.71118,196.81868,12.4773,13.152,11.6798,0,0,0,0,0,0,0,0,0,0,0,0,40.695462588,-24.510147571943506,26.129969984239455,19.30279798048989,0.0,0.0,0.0,0.0,0,circle,0,40.695462588,Sol
AU Mic,AU Mic,HD 197481,HIP 102409,1.0,4.0,0.0,0,<a refstr=MALLORQUIN_ET_AL_2024 href=https://ui.adsabs.harvard.edu/abs/2024A&A...689A.132M/abstract target=ref>Mallorqu&iacute;n et al. 2024</a>,M1 V,3540.0,0.862,0.635,0.01,[Fe/H],-0.97757,4.37,0.019,,9.2,4.86,<a refstr=STASSUN_ET_AL__2019 href=https://ui.adsabs.harvard.edu/abs/2019AJ....158..138S/abstract target=ref>TICv8</a>,311.2911369,-31.34245,-36.80401,12.65304,9.7221,8.81,7.84038,0,1,0,0,1,0,0,0,0,0,0,0,31.709212475999994,17.871020337498624,-20.348503016446646,-16.493611276324117,0.0,0.0,0.0,0.0,2,square,0,31.709212475999994,Sol
COCONUTS-2,COCONUTS-2 A,,,1.0,1.0,0.0,0,<a refstr=ZHANG_ET_AL__2021 href=https://ui.adsabs.harvard.edu/abs/2021ApJ...916L..11Z/abstract target=ref>Zhang et al. 2021</a>,M3 V,3406.0,0.388,0.37,0.0,[Fe/H],-1.732,4.83,0.475,,,2.83,<a refstr=STASSUN_ET_AL__2019 href=https://ui.adsabs.harvard.edu/abs/2019AJ....158..138S/abstract target=ref>TICv8</a>,117.300914,-76.702696,-23.12313,288.91588,10.8864,11.298,10.146,0,1,0,0,1,0,0,0,0,0,1,1,35.506646784,-3.7457547868415806,7.2569829036504006,-34.55470280666174,0.0,1.0,1.0,0.6666666666666666,2,square,0,35.506646784,Sol
GJ 338,GJ 338 B,HD 79211,HIP 120005,2.0,1.0,0.0,0,<a refstr=DITOMASSO_ET_AL_2023 href=https://ui.adsabs.harvard.edu/abs/2023AJ....165...38D/abstract target=ref>DiTomasso et al. 2023</a>,M0 V,4014.0,0.58,0.64,-0.03,[Fe/H],-1.10127,4.68,4.0,,2.3,16.61,<a refstr=STASSUN_ET_AL__2019 href=https://ui.adsabs.harvard.edu/abs/2019AJ....158..138S/abstract target=ref>TICv8</a>,138.5916722,52.6835211,42.66615,164.94013,6.33256,7.7,7.04775,0,0,0,0,0,0,0,0,0,0,0,0,20.6540243936,-9.390805123398438,8.281534529203217,16.426128229969237,0.0,0.0,0.0,0.0,0,circle,0,20.654024393599997,Sol
GJ 338,GJ 338 A,HD 79210,HIP 45343,2.0,1.0,0.0,0,<a refstr=DITOMASSO_ET_AL_2023 href=https://ui.adsabs.harvard.edu/abs/2023AJ....165...38D/abstract target=ref>DiTomasso et al. 2023</a>,M0 V,4001.0,0.58,0.69,-0.05,[Fe/H],-1.10292,4.68,4.0,,2.9,16.3,<a refstr=STASSUN_ET_AL__2019 href=https://ui.adsabs.harvard.edu/abs/2019AJ....158..138S/abstract target=ref>TICv8</a>,138.5839158,52.6841592,42.66141,164.94047,6.33278,7.64,6.96885,0,0,0,0,0,0,0,0,0,0,0,0,20.654741936799997,-9.389872940372555,8.28297246298289,16.426838339039286,0.0,0.0,0.0,0.0,0,circle,0,20.654741936799997,Sol
GJ 486,GJ 486,,HIP 62452,1.0,1.0,0.0,0,<a refstr=CABALLERO_ET_AL__2022 href=https://ui.adsabs.harvard.edu/abs/2022A&A...665A.120C/abstract target=ref>Caballero et al. 2022</a>,M3.5 V,3291.0,0.339,0.333,-0.15,[Fe/H],-1.9165,4.82,4.0,11.57,2.0,49.9,<a refstr=STASSUN_ET_AL__2019 href=https://ui.adsabs.harvard.edu/abs/2019AJ....158..138S/abstract target=ref>TICv8</a>,191.981531,9.7494181,72.60142,300.0371,8.07426,11.39,10.094,0,0,0,0,0,0,0,0,0,0,0,0,26.3346834456,-25.38892538282554,-5.3880295249813575,4.459501981522675,0.0,0.0,0.0,0.0,0,circle,0,26.334683445599996,Sol
GJ 514,GJ 514,,HIP 65859,1.0,1.0,0.0,0,<a refstr=DAMASSO_ET_AL_2022 href=https://ui.adsabs.harvard.edu/abs/2022A&A...666A.187D/abstract target=ref>Damasso et al. 2022</a>,M0.5-1.0 V,3728.0,0.5,0.51,-0.14,[Fe/H],-1.36653,4.76,0.8,,,28.0,<a refstr=STASSUN_ET_AL__2019 href=https://ui.adsabs.harvard.edu/abs/2019AJ....158..138S/abstract target=ref>TICv8</a>,202.5040424,10.3725387,70.9386,333.2377,7.61778,9.05,8.20621,0,0,0,0,0,0,0,0,0,0,0,0,24.845846536799996,-22.578782815163283,-9.354304440083531,4.473437733794577,0.0,0.0,0.0,0.0,0,circle,0,24.8458465368,Sol
GJ 806,GJ 806,,HIP 102401,1.0,2.0,0.0,0,<a refstr=PALLE_ET_AL__2023 href=https://ui.adsabs.harvard.edu/abs/2023A&A...678A..80P/abstract target=ref>Palle et al. 2023</a>,M1.5 V,3600.0,0.4144,0.413,-0.28,[Fe/H],-1.58528,4.98,5.0,8.6,2.0,41.4,<a refstr=STASSUN_ET_AL__2019 href=https://ui.adsabs.harvard.edu/abs/2019AJ....158..138S/abstract target=ref>TICv8</a>,311.2697002,44.5002351,1.00774,84.07015,12.0445,10.79,9.82461,0,0,0,0,0,0,0,0,0,0,0,0,39.28385941999999,18.481529859510104,-21.059534506157732,27.53453597514057,0.0,0.0,0.0,0.0,0,circle,0,39.28385941999999,Sol
GJ 887,GJ 887,HD 217987,HIP 114046,1.0,4.0,0.0,0,<a refstr=HARTOGH_ET_AL_2026 href=https://ui.adsabs.harvard.edu/abs/2026A&A...707A..93H/abstract target=ref>Hartogh et al. 2026</a>,M1 V,3688.0,0.468,0.495,-0.06,[Fe/H],-1.43415,4.156,2.9,,2.5,38.7,<a refstr=STASSUN_ET_AL__2019 href=https://ui.adsabs.harvard.edu/abs/2019AJ....158..138S/abstract target=ref>TICv8</a>,346.5027573,-35.8473489,-65.98674,5.09735,3.28679,7.56,6.52199,0,0,0,0,0,0,0,0,0,0,0,0,10.720062792399998,8.449476824909938,-2.0281098568349667,-6.27796607723533,0.0,0.0,0.0,0.0,0,circle,0,10.720062792399998,Sol
Gl 725,Gl 725 A,HD 173739,HIP 91768,2.0,1.0,0.0,0,<a refstr=CORTES_ZULETA_ET_AL_2025 href=https://ui.adsabs.harvard.edu/abs/2025A&A...693A.164C/abstract target=ref>Cort&eacute;s-Zuleta et al. 2025</a>,M3,3433.0,0.351,0.33,-0.19,[Fe/H],-1.809,4.87,6.2,,,103.1,<a refstr=STASSUN_ET_AL__2019 href=https://ui.adsabs.harvard.edu/abs/2019AJ....158..138S/abstract target=ref>TICv8</a>,280.6834312,59.638109,24.23792,89.29524,3.5214,8.94,7.84944,0,0,0,0,0,0,0,0,0,0,0,0,11.485257383999999,1.076207787803163,-5.704710726111446,9.910054969856995,0.0,0.0,0.0,0.0,0,circle,0,11.485257383999999,Sol
HD 260655,HD 260655,HD 260655,HIP 31635,1.0,2.0,0.0,0,<a refstr=LUQUE_ET_AL_2022 href=https://ui.adsabs.harvard.edu/abs/2022A&A...664A.199L/abstract target=ref>Luque et al. 2022</a>,M0 V,3803.0,0.439,0.439,-0.43,[Fe/H],-1.43997,5.2,5.0,7.3,2.0,37.5,<a refstr=STASSUN_ET_AL__2019 href=https://ui.adsabs.harvard.edu/abs/2019AJ....158..138S/abstract target=ref>TICv8</a>,99.2915429,17.5662696,4.86549,195.67069,10.0055,9.63,8.876041,0,0,0,0,0,0,0,0,0,0,0,0,32.63353858,-5.023251904195725,30.70358766610599,9.84908548998771,0.0,0.0,0.0,0.0,0,circle,0,32.63353858,Sol
HD 48948,HD 48948,HD 48948,HIP 32769,1.0,3.0,0.0,0,<a refstr=DALAL_ET_AL__2024 href=https://ui.adsabs.harvard.edu/abs/2024MNRAS.531.4464D/abstract target=ref>Dalal et al. 2024</a>,K3 V,4593.0,0.679,0.686,-0.21,[Fe/H],,4.61,11.48,3.073421,2.0,43.45,<a refstr=STASSUN_ET_AL__2019 href=https://ui.adsabs.harvard.edu/abs/2019AJ....158..138S/abstract target=ref>TICv8</a>,102.489811,60.3373133,23.16543,155.49874,16.9043,8.58,8.11311,0,0,0,0,0,0,0,0,0,0,0,0,55.134388707999996,-5.900950913111289,26.639887932065783,47.90924720231851,0.0,0.0,0.0,0.0,1,diamond,0,55.134388707999996,Sol
HN Lib,HN Lib,,HIP 71253,1.0,1.0,0.0,0,<a refstr=GONZ_AACUTE_LEZ__AACUTE_LVAREZ_ET_AL__2023 href=https://ui.adsabs.harvard.edu/abs/2023A&A...675A.141G/abstract target=ref>Gonz&aacute;lez-&Aacute;lvarez et al. 2023</a>,M4.0 V,3347.0,0.299,0.291,-0.18,[Fe/H],-1.99542,4.76,4.4,,2.0,96.0,<a refstr=STASSUN_ET_AL__2019 href=https://ui.adsabs.harvard.edu/abs/2019AJ....158..138S/abstract target=ref>TICv8</a>,218.5684823,-12.5170062,43.15722,338.42026,6.24442,11.311,9.87882,0,0,0,0,0,0,0,0,0,0,0,0,20.3665504952,-15.545380507037601,-12.395719576710308,-4.414029920662929,0.0,0.0,0.0,0.0,0,circle,0,20.366550495200002,Sol
L 98-59,L 98-59,,,1.0,5.0,0.0,0,<a refstr=CADIEUX_ET_AL_2025 href=https://ui.adsabs.harvard.edu/abs/2025AJ....170..154C/abstract target=ref>Cadieux et al. 2025</a>,M3 V,3415.0,0.3155,0.2923,-0.46,[Fe/H],-1.91364,4.91,4.94,13.0,,77.5,<a refstr=STASSUN_ET_AL__2019 href=https://ui.adsabs.harvard.edu/abs/2019AJ....158..138S/abstract target=ref>TICv8</a>,124.5328604,-68.3144658,-17.5933,281.81705,10.6194,11.685,10.5976,0,0,0,0,0,0,0,0,0,0,0,0,34.635810264,-7.2551150448792185,10.54329875226926,-32.18449175845057,0.0,0.0,0.0,0.0,0,circle,0,34.635810264,Sol
LSPM J2116+0234,LSPM J2116+0234,,,1.0,1.0,0.0,0,<a refstr=LALITHA_ET_AL__2019 href=https://ui.adsabs.harvard.edu/abs/2019A&A...627A.116L/abstract target=ref>Lalitha et al. 2019</a>,M3.0 V,3475.0,0.431,0.43,-0.05,[Fe/H],-1.69897,4.95,2.0,,2.0,42.0,<a refstr=STASSUN_ET_AL__2019 href=https://ui.adsabs.harvard.edu/abs/2019AJ....158..138S/abstract target=ref>TICv8</a>,319.1147513,2.5807711,-30.34854,53.9463,17.6297,11.961,10.8595,0,0,0,0,0,0,0,0,0,0,0,0,57.500324332,43.42741942727155,-37.59844486545925,2.5891087022466186,0.0,0.0,0.0,0.0,0,circle,0,57.500324332,Sol
tau Boo,tau Boo,HD 120136,HIP 67275,2.0,1.0,0.0,0,<a refstr=BUTLER_ET_AL__1997 href=https://ui.adsabs.harvard.edu/abs/1997ApJ...474L.115B/abstract target=ref> Butler et al. 1997 </a>,F7 V,6450.0,,1.2,0.28,[Fe/H],,4.3,2.0,,14.8,4.0,<a refstr=STASSUN_ET_AL__2019 href=https://ui.adsabs.harvard.edu/abs/2019AJ....158..138S/abstract target=ref>TICv8</a>,206.8134593,17.4571647,73.89072,358.93289,15.6521,4.48635,4.36617,0,1,0,0,1,0,0,0,0,0,0,0,51.050263276,-43.46284598701953,-21.967479803597318,15.314706341816645,0.0,0.0,0.0,0.0,1,diamond,0,51.050263275999995,Sol
ups And,ups And,HD 9826,HIP 7513,2.0,3.0,0.0,0,<a refstr=BUTLER_ET_AL__1997 href=https://ui.adsabs.harvard.edu/abs/1997ApJ...474L.115B/abstract target=ref> Butler et al. 1997 </a>,F8 V,6200.0,,1.2,0.09,[Fe/H],,4.2,3.0,,9.2,12.0,<a refstr=STASSUN_ET_AL__2019 href=https://ui.adsabs.harvard.edu/abs/2019AJ....158..138S/abstract target=ref>TICv8</a>,24.1983534,41.4038147,-20.66791,132.00045,13.4054,4.09565,3.98687,0,2,0,0,1,0,0,0,0,0,1,1,43.722516424,29.91319990597049,13.442491798043958,28.916402405761303,0.0,1.0,1.0,0.6666666666666666,0,circle,0,43.722516424000005,Sol
14 Her,14 Her,HD 145675,HIP 79248,1.0,2.0,0.0,0,<a refstr=TURNBULL_2015 href=https://ui.adsabs.harvard.edu/abs/2015arXiv151001731T/abstract target=ref>Turnbull 2015</a>,K0V,5388.0,0.96,1.07,0.46,[Fe/H],-0.155,4.51,5.24,,,,<a refstr=STASSUN_ET_AL__2019 href=https://ui.adsabs.harvard.edu/abs/2019AJ....158..138S/abstract target=ref>TICv8</a>,242.6021014,43.8163621,46.94447,69.16849,17.9323,6.61935,6.383,0,2,0,0,1,0,0,0,0,0,0,0,58.487272388,-19.4200806289825,-37.46849684995809,40.4936197882655,0.0,0.0,0.0,0.0,0,circle,0,58.48727238800001,Sol
47 UMa,47 UMa,HD 95128,HIP 53721,1.0,3.0,0.0,0,<a refstr=TURNBULL_2015 href=https://ui.adsabs.harvard.edu/abs/2015arXiv151001731T/abstract target=ref>Turnbull 2015</a>,G0V,5882.0,1.24,1.06,0.04,[Fe/H],0.233,4.31,6.48,,,,<a refstr=STASSUN_ET_AL__2019 href=https://ui.adsabs.harvard.edu/abs/2019AJ....158..138S/abstract target=ref>TICv8</a>,164.8647611,40.4304931,63.3677,175.78305,13.7967,5.03352,4.87837,0,3,0,0,1,0,0,0,0,0,1,2,44.998764851999994,-33.06460504398686,8.943335161891483,29.182828644132908,0.0,1.0,2.0,1.0,0,circle,0,44.998764851999994,Sol
51 Peg,51 Peg,HD 217014,HIP 113357,1.0,1.0,0.0,0,<a refstr=TURNBULL_2015 href=https://ui.adsabs.harvard.edu/abs/2015arXiv151001731T/abstract target=ref>Turnbull 2015</a>,G5V,5787.0,1.15,1.05,0.2,[Fe/H],0.161,4.36,6.76,,,,<a refstr=STASSUN_ET_AL__2019 href=https://ui.adsabs.harvard.edu/abs/2019AJ....158..138S/abstract target=ref>TICv8</a>,344.3675399,20.7690958,-34.7275,90.06374,15.4614,5.45309,5.28647,0,1,0,0,1,0,0,0,0,0,0,0,50.428283783999994,45.40718253262788,-12.705647723929212,17.882004802696557,0.0,0.0,0.0,0.0,0,circle,0,50.428283783999994,Sol
61 Vir,61 Vir,HD 115617,HIP 64924,1.0,3.0,0.0,0,<a refstr=VOGT_ET_AL__2010 href=https://ui.adsabs.harvard.edu/abs/2010ApJ...708.1366V/abstract target=ref> Vogt et al. 2010 </a>,G5 V,5577.0,0.963,0.942,-0.01,[Fe/H],-0.095,4.34,8.96,,1.9,,<a refstr=STASSUN_ET_AL__2019 href=https://ui.adsabs.harvard.edu/abs/2019AJ....158..138S/abstract target=ref>TICv8</a>,199.596455,-18.3157745,44.08875,311.85177,8.50332,4.6955,4.54052,0,2,0,0,1,0,0,0,0,0,1,2,27.7340883792,-24.804025666626373,-8.830587022435354,-8.715543688939489,0.0,1.0,2.0,1.0,0,circle,0,27.734088379200003,Sol
70 Vir,70 Vir,HD 117176,HIP 65721,1.0,1.0,0.0,0,<a refstr=TURNBULL_2015 href=https://ui.adsabs.harvard.edu/abs/2015arXiv151001731T/abstract target=ref>Turnbull 2015</a>,G5V,5545.0,1.88,1.1,-0.01,[Fe/H],0.501,3.96,7.92,,,,<a refstr=STASSUN_ET_AL__2019 href=https://ui.adsabs.harvard.edu/abs/2019AJ....158..138S/abstract target=ref>TICv8</a>,202.1064898,13.7763085,74.0991,337.65749,17.9011,4.96808,4.76178,0,1,0,0,1,0,0,0,0,0,0,1,58.385511715999996,-52.53724690631644,-21.34009606837474,13.903451572773339,0.0,0.0,1.0,0.3333333333333333,0,circle,0,58.385511715999996,Sol
G 264-012,G 264-012,,,1.0,2.0,0.0,0,<a refstr=AMADO_ET_AL__2021 href=https://ui.adsabs.harvard.edu/abs/2021A&A...650A.188A/abstract target=ref>Amado et al. 2021</a>,M4.0 V,3326.0,0.305,0.297,0.1,[Fe/H],-1.97224,4.85,,,2.0,100.0,<a refstr=STASSUN_ET_AL__2019 href=https://ui.adsabs.harvard.edu/abs/2019AJ....158..138S/abstract target=ref>TICv8</a>,326.6719598,66.803848,10.16235,106.14833,16.009,13.078,11.7617,0,0,0,0,0,0,0,0,0,0,0,0,52.21431404,17.183839509547493,-11.299714970919606,47.99340258779149,0.0,0.0,0.0,0.0,0,circle,0,52.214314040000005,Sol
GJ 143,GJ 143,HD 21749,HIP 16069,1.0,2.0,0.0,0,<a refstr=DRAGOMIR_ET_AL__2019 href=https://ui.adsabs.harvard.edu/abs/2019ApJ...875L...7D/abstract target=ref>Dragomir et al. 2019</a>,K4.5,4640.0,0.695,0.73,0.003,[Fe/H],-0.6862,4.613,3.8,3.03,,,<a refstr=STASSUN_ET_AL__2019 href=https://ui.adsabs.harvard.edu/abs/2019AJ....158..138S/abstract target=ref>TICv8</a>,51.7501882,-63.500166,-45.82079,279.23027,16.32,8.08,7.67906,1,0,0,1,0,0,0,0,1,0,0,0,53.228659199999996,14.703651148724354,18.65161857713282,-47.636224950971034,0.0,0.0,2.0,0.6666666666666666,0,circle,0,53.228659199999996,Sol
GJ 251,GJ 251,HD 265866,HIP 33226,1.0,2.0,0.0,0,<a refstr=STOCK_ET_AL__2020 href=https://ui.adsabs.harvard.edu/abs/2020A&A...643A.112S/abstract target=ref>Stock et al. 2020</a>,M3.0 V,3451.0,0.364,0.36,-0.03,[Fe/H],-1.77211,4.96,,,2.0,122.1,<a refstr=STASSUN_ET_AL__2019 href=https://ui.adsabs.harvard.edu/abs/2019AJ....158..138S/abstract target=ref>TICv8</a>,103.7002499,33.2664632,15.13189,182.93672,5.58057,9.89,8.85518,0,0,0,0,0,0,0,0,0,0,0,0,18.2013638892,-3.6044285585884435,14.785679903784775,9.98405789125448,0.0,0.0,0.0,0.0,0,circle,0,18.2013638892,Sol
GJ 357,GJ 357,,HIP 47103,1.0,3.0,0.0,0,<a refstr=ODDO_ET_AL__2023 href=https://ui.adsabs.harvard.edu/abs/2023AJ....165..134O/abstract target=ref>Oddo et al. 2023</a>,M2.5 V,3505.0,0.337,0.342,-0.12,[Fe/H],,4.94,,,,77.8,<a refstr=STASSUN_ET_AL__2019 href=https://ui.adsabs.harvard.edu/abs/2019AJ....158..138S/abstract target=ref>TICv8</a>,144.0074644,-21.6650634,22.08045,253.88843,9.44181,10.91,9.88036,0,0,0,0,0,0,0,0,0,0,0,0,30.7950298236,-23.155936459099895,16.819163915553762,-11.368913480200117,0.0,0.0,0.0,0.0,0,circle,0,30.7950298236,Sol
GJ 367,GJ 367,,HIP 47780,1.0,3.0,0.0,0,<a refstr=LAM_ET_AL__2021 href=https://ui.adsabs.harvard.edu/abs/2021Sci...374.1271L/abstract target=ref>Lam et al. 2021</a>,M1.0 V,3522.0,0.457,0.454,-0.01,[Fe/H],-1.54061,4.777,,6.710773,,58.0,<a refstr=STASSUN_ET_AL__2019 href=https://ui.adsabs.harvard.edu/abs/2019AJ....158..138S/abstract target=ref>TICv8</a>,146.121464,-45.7790165,5.6589,272.24323,9.41263,10.153,9.15159,0,0,0,0,0,0,0,0,0,0,0,0,30.699857502799997,-17.7758058821199,11.935182236703803,-22.00121362357283,0.0,0.0,0.0,0.0,0,circle,0,30.699857502799993,Sol
GJ 3779,GJ 3779,,,1.0,1.0,0.0,0,<a refstr=LUQUE_ET_AL__2018 href=https://ui.adsabs.harvard.edu/abs/2018A&A...620A.171L/abstract target=ref>Luque et al. 2018</a>,M4.0 V,3324.0,0.281,0.27,0.0,[Fe/H],-2.06198,5.05,,,2.0,95.0,<a refstr=STASSUN_ET_AL__2019 href=https://ui.adsabs.harvard.edu/abs/2019AJ....158..138S/abstract target=ref>TICv8</a>,200.7335358,24.4639425,82.4285,14.08223,13.743,13.04,11.6266,0,0,0,0,0,0,0,0,0,0,0,0,44.82361908,-38.15715169044156,-14.44391445751274,18.562379627774757,0.0,0.0,0.0,0.0,0,circle,0,44.82361908,Sol
GJ 3929,GJ 3929,,,1.0,2.0,0.0,0,<a refstr=KEMMER_ET_AL_2022 href=https://ui.adsabs.harvard.edu/abs/2022A&A...659A..17K/abstract target=ref>Kemmer et al. 2022</a>,M3.5 V,3369.0,0.315,0.309,0.0,[Fe/H],-1.93742,4.84,,14.96,2.0,122.0,<a refstr=STASSUN_ET_AL__2019 href=https://ui.adsabs.harvard.edu/abs/2019AJ....158..138S/abstract target=ref>TICv8</a>,239.5775678,35.4081141,49.59735,56.66419,15.8095,12.675,11.5109,0,0,0,0,0,0,0,0,0,0,0,0,51.563632819999995,-21.281129509087165,-36.24029121328301,29.875793699744325,0.0,0.0,0.0,0.0,0,circle,0,51.56363282,Sol
GJ 393,GJ 393,,HIP 51317,1.0,1.0,0.0,0,<a refstr=AMADO_ET_AL__2021 href=https://ui.adsabs.harvard.edu/abs/2021A&A...650A.188A/abstract target=ref>Amado et al. 2021</a>,M2.0 V,3579.0,0.426,0.426,-0.09,[Fe/H],-1.57073,4.88,,,2.0,34.15,<a refstr=STASSUN_ET_AL__2019 href=https://ui.adsabs.harvard.edu/abs/2019AJ....158..138S/abstract target=ref>TICv8</a>,157.2288672,0.8378485,46.88333,244.47566,7.03149,9.65,8.67373,0,0,0,0,0,0,0,0,0,0,0,0,22.933626524399997,-21.143879239397577,8.875535798479751,0.3353513982969349,0.0,0.0,0.0,0.0,0,circle,0,22.9336265244,Sol
GJ 411,GJ 411,HD 95735,HIP 54035,1.0,2.0,0.0,0,<a refstr=STOCK_ET_AL__2020 href=https://ui.adsabs.harvard.edu/abs/2020A&A...643A.112S/abstract target=ref>Stock et al. 2020</a>,M1.5 V,3601.0,0.392,0.39,-0.09,[Fe/H],-1.70997,4.87,,,2.0,56.15,<a refstr=STASSUN_ET_AL__2019 href=https://ui.adsabs.harvard.edu/abs/2019AJ....158..138S/abstract target=ref>TICv8</a>,165.834471,35.972317,65.43126,185.11257,5.675773,7.49,,0,0,1,0,0,1,0,0,0,0,0,0,18.51187418588,-14.526124889613149,3.6663771320036758,10.873769369042742,0.0,0.0,0.0,0.0,0,circle,0,18.51187418588,Sol
GJ 414,GJ 414 A,HD 97101,HIP 54646,2.0,2.0,0.0,0,<a refstr=DEDRICK_ET_AL__2021 href=https://ui.adsabs.harvard.edu/abs/2021AJ....161...86D/abstract target=ref>Dedrick et al. 2021</a>,K7 V,4120.0,0.68,0.65,0.24,[Fe/H],-0.92445,4.65,12.4,,,,<a refstr=STASSUN_ET_AL__2019 href=https://ui.adsabs.harvard.edu/abs/2019AJ....158..138S/abstract target=ref>TICv8</a>,167.7745044,30.4451688,67.81292,198.37152,11.8893,8.31,7.72808,0,1,0,0,1,0,0,0,0,0,0,0,38.777665307999996,-32.672635127875616,7.079293586027766,19.64916901201679,0.0,0.0,0.0,0.0,1,diamond,0,38.777665307999996,Sol
GJ 504,GJ 504,HD 115383,HIP 64792,1.0,1.0,0.0,0,<a refstr=TURNBULL_2015 href=https://ui.adsabs.harvard.edu/abs/2015arXiv151001731T/abstract target=ref>Turnbull 2015</a>,G0Vs,6234.0,1.26,1.29,0.28,[Fe/H],0.36,4.39,1.4,,,,<a refstr=STASSUN_ET_AL__2019 href=https://ui.adsabs.harvard.edu/abs/2019AJ....158..138S/abstract target=ref>TICv8</a>,199.192348,9.4249781,71.31364,322.78669,17.5299,5.18799,5.04156,0,1,0,0,1,0,0,0,0,0,0,1,57.174820644,-53.26814672396594,-18.541954854697952,9.362722383684584,0.0,0.0,1.0,0.3333333333333333,0,circle,0,57.174820644,Sol
GJ 536,GJ 536,HD 122303,HIP 68469,1.0,2.0,0.0,0,<a refstr=SUAREZ_MASCARENO_ET_AL_2025 href=https://ui.adsabs.harvard.edu/abs/2025A&A...702A.121S/abstract target=ref>Su&aacute;rez Mascare&ntilde;o et al. 2025</a>,,3641.0,0.529,0.528,-0.08,[Fe/H],-1.35291,4.713,4.2,,,43.63,<a refstr=STASSUN_ET_AL__2019 href=https://ui.adsabs.harvard.edu/abs/2019AJ....158..138S/abstract target=ref>TICv8</a>,210.2597264,-2.6522901,55.81739,335.05211,10.4092,9.71,8.85881,0,0,0,0,0,0,0,0,0,0,0,0,33.950230352,-29.293096792079883,-17.08989376009228,-1.5710355032462502,0.0,0.0,0.0,0.0,0,circle,0,33.950230352,Sol
GJ 581,GJ 581,,HIP 74995,1.0,3.0,0.0,0,<a refstr=VON_STAUFFENBERG_ET_AL__2024 href=https://ui.adsabs.harvard.edu/abs/2024A&A...688A.112V/abstract target=ref>von Stauffenberg et al. 2024</a>,M3.0 V,3500.0,0.302,0.295,-0.08,[Fe/H],-1.90781,4.97,,,2.0,132.5,<a refstr=STASSUN_ET_AL__2019 href=https://ui.adsabs.harvard.edu/abs/2019AJ....158..138S/abstract target=ref>TICv8</a>,229.8564725,-7.7226935,40.02208,354.07234,6.2981,10.57,9.411,0,1,0,0,1,0,0,0,0,0,1,1,20.541631036,-13.12316718740089,-15.560254380455145,-2.7603572606112996,0.0,1.0,1.0,0.6666666666666666,0,circle,0,20.541631036,Sol
GJ 625,GJ 625,,HIP 80459,1.0,1.0,0.0,0,<a refstr=SU_AACUTE_REZ_MASCARE_NTILDE_O_ET_AL__2017 href=https://ui.adsabs.harvard.edu/abs/2017A&A...605A..92S/abstract target=ref>Su&aacute;rez Mascare&ntilde;o et al. 2017</a>,M2,3499.0,0.31,0.3,-0.38,[Fe/H],-1.894,4.94,,,0.2,77.8,<a refstr=STASSUN_ET_AL__2019 href=https://ui.adsabs.harvard.edu/abs/2019AJ....158..138S/abstract target=ref>TICv8</a>,246.3557854,54.3033625,42.78368,83.20997,6.47249,10.066,9.13702,0,0,0,0,0,0,0,0,0,0,0,0,21.110414484399996,-4.94012463665706,-11.283755447864092,17.14414276860341,0.0,0.0,0.0,0.0,0,circle,0,21.110414484399996,Sol
GJ 649,GJ 649,,HIP 83043,1.0,1.0,0.0,0,<a refstr=PINAMONTI_ET_AL__2023 href=https://ui.adsabs.harvard.edu/abs/2023A&A...677A.122P/abstract target=ref>Pinamonti et al. 2023</a>,M1.0,3734.0,0.5,0.51,-0.15,[Fe/H],-1.361,4.76,,,,24.89,<a refstr=STASSUN_ET_AL__2019 href=https://ui.adsabs.harvard.edu/abs/2019AJ....158..138S/abstract target=ref>TICv8</a>,254.5363221,25.7419719,35.33721,46.52106,10.3796,9.7,8.81875,0,1,0,0,1,0,0,0,0,0,0,0,33.853688176,-8.130541853126255,-29.39012438850231,14.703301694543516,0.0,0.0,0.0,0.0,0,circle,0,33.853688176,Sol
GJ 667,GJ 667 C,,,3.0,5.0,0.0,0,<a refstr=ANGLADA_ESCUDE_ET_AL__2013 href=https://ui.adsabs.harvard.edu/abs/2013A%26A...556A.126A/abstract target=ref> Anglada-Escude et al. 2013 </a>,M1.5 V,3350.0,,0.33,-0.55,[Fe/H],-1.863,4.69,2.0,,,,<a refstr=STASSUN_ET_AL__2019 href=https://ui.adsabs.harvard.edu/abs/2019AJ....158..138S/abstract target=ref>TICv8</a>,259.7510609,-34.9977651,1.41002,351.84167,7.24396,10.602,9.38033,0,0,0,0,0,0,0,0,0,0,0,0,23.6266101776,-3.443622712870588,-19.045497020425305,-13.55091193760201,0.0,0.0,0.0,0.0,0,circle,0,23.6266101776,Sol
GJ 685,GJ 685,,HIP 86087,1.0,1.0,0.0,0,<a refstr=PINAMONTI_ET_AL__2019 href=https://ui.adsabs.harvard.edu/abs/2019A&A...625A.126P/abstract target=ref>Pinamonti et al. 2019</a>,M0.5,3816.0,0.54,0.55,-0.15,[Fe/H],-1.253,4.72,,,1.33,18.15,<a refstr=STASSUN_ET_AL__2019 href=https://ui.adsabs.harvard.edu/abs/2019AJ....158..138S/abstract target=ref>TICv8</a>,263.8960378,61.6793482,32.5891,90.75762,14.3155,9.98,9.1671,0,0,0,0,0,0,0,0,0,0,0,0,46.690862179999996,-2.3553151711790226,-22.024823998875362,41.102265501730336,0.0,0.0,0.0,0.0,0,circle,0,46.690862179999996,Sol
GJ 720,GJ 720 A,,HIP 91128,2.0,1.0,0.0,0,<a refstr=GONZ_AACUTE_LEZ__AACUTE_LVAREZ_ET_AL__2021 href=https://ui.adsabs.harvard.edu/abs/2021A&A...649A.157G/abstract target=ref>Gonz&aacute;lez-&Aacute;lvarez et al. 2021</a>,M0.5 V,3837.0,0.56,0.57,-0.14,[Fe/H],-1.217,4.71,,,0.99,36.05,<a refstr=STASSUN_ET_AL__2019 href=https://ui.adsabs.harvard.edu/abs/2019AJ....158..138S/abstract target=ref>TICv8</a>,278.8294172,45.7456038,21.73083,74.39563,15.5575,9.84,9.10496,0,0,0,0,0,0,0,0,0,0,0,0,50.7417197,5.435175245181339,-34.99025909615513,36.34367560596299,0.0,0.0,0.0,0.0,0,circle,0,50.741719700000004,Sol
GJ 724,GJ 724,,HIP 91608,1.0,1.0,0.0,0,<a refstr=GORRINI_ET_AL_2023 href=https://ui.adsabs.harvard.edu/abs/2023A&A...680A..28G/abstract target=ref>Gorrini et al. 2023</a>,M1.0 V,3799.0,0.52226,0.5271,-0.02,[Fe/H],-1.2909,4.88,,,2.0,57.0,<a refstr=STASSUN_ET_AL__2019 href=https://ui.adsabs.harvard.edu/abs/2019AJ....158..138S/abstract target=ref>TICv8</a>,280.238365,-13.3824997,-3.78099,19.82504,16.9658,10.638,9.76915,0,0,0,0,0,0,0,0,0,0,0,0,55.334974648,9.568378314537545,-52.975258812008136,-12.807322496347355,0.0,0.0,0.0,0.0,0,circle,0,55.334974648,Sol
GJ 740,GJ 740,HD 176029,HIP 93101,1.0,1.0,0.0,0,<a refstr=TOLEDO_PADR_OACUTE_N_ET_AL__2021 href=https://ui.adsabs.harvard.edu/abs/2021A&A...648A..20T/abstract target=ref>Toledo-Padr&oacute;n et al. 2021</a>,M1.0 V,3913.0,0.56,0.58,0.08,[Fe/H],-1.206,4.68,,,0.92,35.563,<a refstr=STASSUN_ET_AL__2019 href=https://ui.adsabs.harvard.edu/abs/2019AJ....158..138S/abstract target=ref>TICv8</a>,284.4997178,5.902867,1.23509,38.93233,11.1017,9.22,8.45636,0,0,0,0,0,0,0,0,0,0,0,0,36.208860652,9.017732163751102,-34.86969154523876,3.723802878605065,0.0,0.0,0.0,0.0,0,circle,0,36.208860652,Sol
GJ 849,GJ 849,,HIP 109388,1.0,2.0,0.0,0,<a refstr=PINAMONTI_ET_AL__2023 href=https://ui.adsabs.harvard.edu/abs/2023A&A...677A.122P/abstract target=ref>Pinamonti et al. 2023</a>,M3.5,3467.0,0.45,0.45,0.09,[Fe/H],-1.59,4.8,,,,40.45,<a refstr=STASSUN_ET_AL__2019 href=https://ui.adsabs.harvard.edu/abs/2019AJ....158..138S/abstract target=ref>TICv8</a>,332.4229938,-4.6408317,-45.40318,55.89444,8.80058,10.41,9.2245,0,2,0,0,1,0,0,0,0,0,0,0,28.703619704799998,25.359171066684688,-13.244498426020803,-2.322388514339806,0.0,0.0,0.0,0.0,0,circle,0,28.703619704799998,Sol
GJ 86,GJ 86,HD 13445,HIP 10138,2.0,1.0,0.0,0,<a refstr=TURNBULL_2015 href=https://ui.adsabs.harvard.edu/abs/2015arXiv151001731T/abstract target=ref>Turnbull 2015</a>,K1V,5151.0,0.8,0.8,-0.27,[Fe/H],-0.377,4.54,11.3,,,,<a refstr=STASSUN_ET_AL__2019 href=https://ui.adsabs.harvard.edu/abs/2019AJ....158..138S/abstract target=ref>TICv8</a>,32.6224785,-50.8209945,-61.95722,275.90766,10.7836,6.12,5.88516,0,1,0,0,1,0,0,0,0,0,0,1,35.171358416,18.714038635487615,11.978474390719198,-27.263993875569568,0.0,0.0,1.0,0.3333333333333333,1,diamond,0,35.171358416,Sol
Gl 410,Gl 410,HD 95650,HIP 53985,1.0,1.0,0.0,0,<a refstr=CARMONA_ET_AL_2025 href=https://ui.adsabs.harvard.edu/abs/2025A&A...700A.222C/abstract target=ref>Carmona et al. 2025</a>,,3842.0,0.543,0.55,0.05,[M/H],-1.239,4.87,0.48,,,13.93,<a refstr=STASSUN_ET_AL__2019 href=https://ui.adsabs.harvard.edu/abs/2019AJ....158..138S/abstract target=ref>TICv8</a>,165.6604212,21.9669164,64.78003,218.75093,11.9324,9.57,8.807,0,0,0,0,0,0,0,0,0,0,0,0,38.918238544,-34.96829980976716,8.939037238727867,14.558190582162382,0.0,0.0,0.0,0.0,1,diamond,0,38.918238544,Sol
Gl 49,Gl 49,,HIP 4872,2.0,1.0,0.0,0,<a refstr=PERGER_ET_AL__2019 href=https://ui.adsabs.harvard.edu/abs/2019A&A...624A.123P/abstract target=ref>Perger et al. 2019</a>,M1.5 V,3805.0,0.511,0.515,0.13,[Fe/H],-1.30645,4.69,,,2.0,18.86,<a refstr=STASSUN_ET_AL__2019 href=https://ui.adsabs.harvard.edu/abs/2019AJ....158..138S/abstract target=ref>TICv8</a>,15.6687321,62.3454386,-0.49786,124.23545,9.8528,9.56,8.66282,0,0,0,0,0,0,0,0,0,0,0,0,32.135498368,14.3610960880829,4.028266881197929,28.46440304033135,0.0,0.0,0.0,0.0,0,circle,0,32.135498368,Sol
Gl 686,Gl 686,,HIP 86287,1.0,1.0,0.0,0,<a refstr=LALITHA_ET_AL__2019 href=https://ui.adsabs.harvard.edu/abs/2019A&A...627A.116L/abstract target=ref>Lalitha et al. 2019</a>,M1.0 V,3654.0,0.427,0.426,-0.22,[Fe/H],-1.52288,4.88,,,2.0,38.4,<a refstr=STASSUN_ET_AL__2019 href=https://ui.adsabs.harvard.edu/abs/2019AJ....158..138S/abstract target=ref>TICv8</a>,264.4764878,18.5959509,24.29465,42.24615,8.15728,9.62,8.73899,0,0,0,0,0,0,0,0,0,0,0,0,26.605458156799997,-2.42718612161758,-25.099327142443045,8.484276531377576,0.0,0.0,0.0,0.0,0,circle,0,26.605458156799997,Sol
HD 10647,HD 10647,HD 10647,HIP 7978,1.0,1.0,0.0,0,<a refstr=TURNBULL_2015 href=https://ui.adsabs.harvard.edu/abs/2015arXiv151001731T/abstract target=ref>Turnbull 2015</a>,F8V,6105.0,1.14,1.1,-0.08,[Fe/H],0.215,4.39,2.92,,,,<a refstr=STASSUN_ET_AL__2019 href=https://ui.adsabs.harvard.edu/abs/2019AJ....158..138S/abstract target=ref>TICv8</a>,25.6233526,-53.7412852,-61.7687,286.89639,17.3357,5.52,5.38178,0,1,0,0,1,0,0,0,0,0,1,1,56.541425692,30.151771851907657,14.461421801411134,-45.59244184024516,0.0,1.0,1.0,0.6666666666666666,0,circle,0,56.541425692,Sol
HD 113538,HD 113538,HD 113538,HIP 63833,1.0,2.0,0.0,0,<a refstr=MOUTOU_ET_AL__2015 href=https://ui.adsabs.harvard.edu/abs/2015A&A...576A..48M/abstract target=ref>Moutou et al. 2015</a>,K9 V,4462.0,0.53,0.585,-0.24,[Fe/H],,3.79,4.3,,2.0,,<a refstr=STASSUN_ET_AL__2019 href=https://ui.adsabs.harvard.edu/abs/2019AJ....158..138S/abstract target=ref>TICv8</a>,196.233933,-52.4463502,10.37061,305.02208,16.2817,9.05,8.4428,0,2,0,0,1,0,0,0,0,0,0,0,53.103741452,-31.076418942942063,-9.04849600039081,-42.09974182835954,0.0,0.0,0.0,0.0,0,circle,0,53.103741452,Sol
HD 128311,HD 128311,HD 128311,HIP 71395,1.0,2.0,0.0,0,<a refstr=TURNBULL_2015 href=https://ui.adsabs.harvard.edu/abs/2015arXiv151001731T/abstract target=ref>Turnbull 2015</a>,K0,4965.0,0.76,0.83,0.2,[Fe/H],-0.495,4.61,6.4,,,,<a refstr=STASSUN_ET_AL__2019 href=https://ui.adsabs.harvard.edu/abs/2019AJ....158..138S/abstract target=ref>TICv8</a>,219.0032292,9.7454368,59.83597,2.7292,16.3292,7.48,7.16719,0,2,0,0,1,0,0,0,0,0,1,2,53.258665552,-40.79062194085827,-33.03540103969957,9.015148152081586,0.0,1.0,2.0,1.0,0,circle,0,53.258665552000004,Sol
HD 136352,HD 136352,HD 136352,HIP 75181,1.0,3.0,0.0,0,<a refstr=UDRY_ET_AL__2019 href=https://ui.adsabs.harvard.edu/abs/2019A&A...622A..37U/abstract target=ref>Udry et al. 2019</a>,G4 V,5664.0,,0.81,-0.34,[Fe/H],-0.00436,4.39,,,1.0,23.8,<a refstr=STASSUN_ET_AL__2019 href=https://ui.adsabs.harvard.edu/abs/2019AJ....158..138S/abstract target=ref>TICv8</a>,230.4401147,-48.3188174,7.38103,327.07069,14.682,5.65,5.48495,0,0,0,0,0,0,0,0,0,0,0,0,47.88622392,-20.280707458782686,-24.550140427264534,-35.76414337418482,0.0,0.0,0.0,0.0,0,circle,0,47.88622392,Sol
HD 141004,HD 141004,HD 141004,HIP 77257,1.0,1.0,0.0,0,<a refstr=TURNBULL_2015 href=https://ui.adsabs.harvard.edu/abs/2015arXiv151001731T/abstract target=ref>Turnbull 2015</a>,G0Vvar,5936.0,1.34,1.11,0.05,[Fe/H],0.346,4.25,6.32,,,,<a refstr=STASSUN_ET_AL__2019 href=https://ui.adsabs.harvard.edu/abs/2019AJ....158..138S/abstract target=ref>TICv8</a>,236.6099205,7.3527684,44.10377,15.69566,11.8148,4.4154,4.27965,0,0,0,0,0,0,0,0,0,0,0,0,38.534679088,-21.032642713595166,-31.90969780841293,4.931593928251124,0.0,0.0,0.0,0.0,0,circle,0,38.534679088,Sol
HD 147513,HD 147513,HD 147513,HIP 80337,2.0,1.0,0.0,0,<a refstr=TURNBULL_2015 href=https://ui.adsabs.harvard.edu/abs/2015arXiv151001731T/abstract target=ref>Turnbull 2015</a>,G3/5V,5930.0,0.98,1.07,0.09,[Fe/H],0.013,4.5,2.0,,,,<a refstr=STASSUN_ET_AL__2019 href=https://ui.adsabs.harvard.edu/abs/2019AJ....158..138S/abstract target=ref>TICv8</a>,246.0057894,-39.1929661,7.21242,341.6211,12.9032,5.37,5.22664,0,1,0,0,1,0,0,0,0,1,1,1,42.084560992,-13.263300127549824,-29.797962618190436,-26.594671786296416,1.0,1.0,1.0,1.0,0,circle,0,42.084560992,Sol
HD 154088,HD 154088,HD 154088,HIP 83541,1.0,1.0,0.0,0,<a refstr=UNGER_ET_AL__2021 href=https://ui.adsabs.harvard.edu/abs/2021A&A...654A.104U/abstract target=ref>Unger et al. 2021</a>,K0 IV-V,5374.0,,0.91,0.28,[Fe/H],-0.13077,4.37,8.0,,,,<a refstr=STASSUN_ET_AL__2019 href=https://ui.adsabs.harvard.edu/abs/2019AJ....158..138S/abstract target=ref>TICv8</a>,256.1164214,-28.5838342,7.67253,355.23654,18.2692,6.59,6.36693,0,0,0,0,0,0,0,0,0,0,0,0,59.586091952000004,-12.555043094007898,-50.795000758617775,-28.508615275944646,0.0,0.0,0.0,0.0,0,circle,0,59.586091952000004,Sol
HD 154345,HD 154345,HD 154345,HIP 83389,1.0,1.0,0.0,0,<a refstr=TURNBULL_2015 href=https://ui.adsabs.harvard.edu/abs/2015arXiv151001731T/abstract target=ref>Turnbull 2015</a>,G8V,5468.0,0.86,0.89,-0.1,[Fe/H],-0.187,4.53,4.92,,,,<a refstr=STASSUN_ET_AL__2019 href=https://ui.adsabs.harvard.edu/abs/2019AJ....158..138S/abstract target=ref>TICv8</a>,255.6524619,47.0855544,37.66299,73.02692,18.284,6.76,6.56771,0,1,0,0,1,0,0,0,0,0,0,0,59.63436303999999,-10.062128632363114,-39.33890547438858,43.674492998195355,0.0,0.0,0.0,0.0,0,circle,0,59.63436303999999,Sol
HD 160691,HD 160691,HD 160691,HIP 86796,1.0,4.0,0.0,0,<a refstr=TURNBULL_2015 href=https://ui.adsabs.harvard.edu/abs/2015arXiv151001731T/abstract target=ref>Turnbull 2015</a>,G3IV/V,5784.0,1.33,1.15,0.29,[Fe/H],0.303,4.25,7.96,,,,<a refstr=STASSUN_ET_AL__2019 href=https://ui.adsabs.harvard.edu/abs/2019AJ....158..138S/abstract target=ref>TICv8</a>,266.0361585,-51.8348751,-11.4985,340.05994,15.5981,5.12,4.94916,0,0,0,0,0,0,0,0,0,0,0,0,50.874139035999995,-2.1731188068243132,-31.3614533056895,-39.99893528408903,0.0,0.0,0.0,0.0,0,circle,0,50.874139035999995,Sol
HD 177565,HD 177565,HD 177565,HIP 93858,1.0,1.0,0.0,0,<a refstr=TURNBULL_2015 href=https://ui.adsabs.harvard.edu/abs/2015arXiv151001731T/abstract target=ref>Turnbull 2015</a>,G8V,5648.0,0.99,0.97,0.09,[Fe/H],-0.027,4.46,6.88,,,,<a refstr=STASSUN_ET_AL__2019 href=https://ui.adsabs.harvard.edu/abs/2019AJ....158..138S/abstract target=ref>TICv8</a>,286.7175787,-37.8122394,-19.07842,359.44857,16.9179,6.15,5.9739,0,0,0,0,0,0,0,0,0,0,0,0,55.178745924,12.539583931489297,-41.75006751680051,-33.82875550346303,0.0,0.0,0.0,0.0,0,circle,0,55.178745924,Sol
HD 180617,HD 180617,HD 180617,HIP 94761,2.0,1.0,0.0,0,<a refstr=KAMINSKI_ET_AL__2018 href=https://ui.adsabs.harvard.edu/abs/2018A&A...618A.115K/abstract target=ref>Kaminski et al. 2018</a>,M2.5 V,3557.0,0.453,0.45,0.0,[Fe/H],-1.48678,4.86,,,2.0,46.04,<a refstr=STASSUN_ET_AL__2019 href=https://ui.adsabs.harvard.edu/abs/2019AJ....158..138S/abstract target=ref>TICv8</a>,289.2277322,5.1631615,-3.28372,40.44072,5.91059,9.12,8.0976,0,0,0,0,0,0,0,0,0,0,0,0,19.2777439204,6.322858285786446,-18.128518346309093,1.7348476376660353,0.0,0.0,0.0,0.0,0,circle,0,19.2777439204,Sol
HD 189567,HD 189567,HD 189567,HIP 98959,1.0,2.0,0.0,0,<a refstr=TURNBULL_2015 href=https://ui.adsabs.harvard.edu/abs/2015arXiv151001731T/abstract target=ref>Turnbull 2015</a>,G3V,5713.0,1.04,0.92,-0.23,[Fe/H],0.025,4.4,9.76,,,,<a refstr=STASSUN_ET_AL__2019 href=https://ui.adsabs.harvard.edu/abs/2019AJ....158..138S/abstract target=ref>TICv8</a>,301.3959616,-67.3237992,-31.99284,328.46185,17.9055,6.074,5.9098,0,0,0,0,0,0,0,0,0,0,0,0,58.39986258,11.728905964639825,-19.2180783653127,-53.88545423563042,0.0,0.0,0.0,0.0,0,circle,0,58.39986258,Sol
HD 190007,HD 190007,HD 190007,HIP 98698,1.0,1.0,0.0,0,<a refstr=BURT_ET_AL__2021 href=https://ui.adsabs.harvard.edu/abs/2021AJ....161...10B/abstract target=ref>Burt et al. 2021</a>,,4610.0,0.79,0.77,0.16,[Fe/H],-0.68,4.58,1.0,,2.55,28.626,<a refstr=STASSUN_ET_AL__2019 href=https://ui.adsabs.harvard.edu/abs/2019AJ....158..138S/abstract target=ref>TICv8</a>,300.6956339,3.3266992,-14.22203,44.30037,12.7141,7.46,7.06341,0,1,0,0,1,0,0,0,0,0,0,1,41.467799996,21.132703280217918,-35.59770769758364,2.40634479157059,0.0,0.0,1.0,0.3333333333333333,0,circle,0,41.467799996,Sol
HD 190360,HD 190360,HD 190360,HIP 98767,2.0,3.0,0.0,0,<a refstr=TURNBULL_2015 href=https://ui.adsabs.harvard.edu/abs/2015arXiv151001731T/abstract target=ref>Turnbull 2015</a>,G6IV+...,5552.0,1.15,0.98,0.21,[Fe/H],0.079,4.31,13.4,,,,<a refstr=STASSUN_ET_AL__2019 href=https://ui.adsabs.harvard.edu/abs/2019AJ....158..138S/abstract target=ref>TICv8</a>,300.9092476,29.894541,-0.67616,67.41056,16.0069,5.738,5.55436,0,2,0,0,1,0,0,0,0,0,0,2,52.207464764,23.249638506894094,-38.83309009007273,26.020468874317856,0.0,0.0,2.0,0.6666666666666666,1,diamond,0,52.207464764,Sol
HD 192310,HD 192310,HD 192310,HIP 99825,1.0,2.0,0.0,0,<a refstr=TURNBULL_2015 href=https://ui.adsabs.harvard.edu/abs/2015arXiv151001731T/abstract target=ref>Turnbull 2015</a>,K3V,5080.0,0.81,0.82,0.02,[Fe/H],-0.377,4.55,9.3,,,,<a refstr=STASSUN_ET_AL__2019 href=https://ui.adsabs.harvard.edu/abs/2019AJ....158..138S/abstract target=ref>TICv8</a>,303.8284712,-27.0337556,-29.40279,15.62553,8.79687,5.73,5.47661,0,2,0,0,1,0,0,0,0,0,2,2,28.691519317199997,14.227605039227385,-21.23011395356079,-13.040736064188842,0.0,2.0,2.0,1.3333333333333333,0,circle,0,28.691519317199994,Sol
HD 20794,HD 20794,HD 20794,HIP 15510,1.0,4.0,0.0,0,<a refstr=TURNBULL_2015 href=https://ui.adsabs.harvard.edu/abs/2015arXiv151001731T/abstract target=ref>Turnbull 2015</a>,G8.0V,5401.0,0.92,0.85,-0.41,[Fe/H],-0.161,4.46,13.5,,,,<a refstr=STASSUN_ET_AL__2019 href=https://ui.adsabs.harvard.edu/abs/2019AJ....158..138S/abstract target=ref>TICv8</a>,49.9997666,-43.0666533,-56.06514,250.73443,6.00278,4.26,4.06635,0,0,0,0,0,0,0,0,0,0,0,0,19.5784271368,9.193972279679064,10.956858849424323,-13.36910344882077,0.0,0.0,0.0,0.0,1,diamond,0,19.5784271368,Sol
HD 219134,HD 219134,HD 219134,HIP 114622,1.0,6.0,0.0,0,<a refstr=VOGT_ET_AL__2015 href=https://ui.adsabs.harvard.edu/abs/2015ApJ...814...12V/abstract target=ref>Vogt et al. 2015</a>,K3 V,4913.0,0.77,0.794,0.08,[Fe/H],-0.50864,4.51,12.46,,,,<a refstr=STASSUN_ET_AL__2019 href=https://ui.adsabs.harvard.edu/abs/2019AJ....158..138S/abstract target=ref>TICv8</a>,348.3372026,57.1696255,-3.20073,109.90724,6.53127,5.56911,5.2402,0,1,0,0,1,0,0,0,0,0,0,0,21.3021289812,11.310590994902222,-2.3346528053851285,17.89973817562774,0.0,0.0,0.0,0.0,1,diamond,0,21.3021289812,Sol
HD 222237,HD 222237,HD 222237,HIP 116745,1.0,1.0,0.0,0,<a refstr=TURNBULL_2015 href=https://ui.adsabs.harvard.edu/abs/2015arXiv151001731T/abstract target=ref>Turnbull 2015</a>,K4V,4723.0,0.72,0.74,-0.29,[Fe/H],-0.62,4.63,8.8,,,,<a refstr=STASSUN_ET_AL__2019 href=https://ui.adsabs.harvard.edu/abs/2019AJ....158..138S/abstract target=ref>TICv8</a>,354.9078642,-72.7253271,-43.37999,310.16617,11.4469,7.09,6.73988,0,1,0,0,1,0,0,0,0,0,0,0,37.334751164,11.042902755716261,-0.9840250541727907,-35.65066111446397,0.0,0.0,0.0,0.0,0,circle,0,37.334751164,Sol
HD 238090,HD 238090,HD 238090,HIP 59514,1.0,1.0,0.0,0,<a refstr=STOCK_ET_AL__2020 href=https://ui.adsabs.harvard.edu/abs/2020A&A...643A.112S/abstract target=ref>Stock et al. 2020</a>,M0.0 V,3933.0,0.57,0.578,-0.03,[Fe/H],-1.15366,4.7,,,2.0,96.7,<a refstr=STASSUN_ET_AL__2019 href=https://ui.adsabs.harvard.edu/abs/2019AJ....158..138S/abstract target=ref>TICv8</a>,183.0886375,54.486153,61.72135,134.94219,15.2354,9.71,9.037911,0,0,0,0,0,0,0,0,0,0,0,0,49.691171223999994,-28.823655130258715,-1.5553005508099433,40.4473786881356,0.0,0.0,0.0,0.0,0,circle,0,49.691171223999994,Sol
HD 27442,HD 27442,HD 27442,HIP 19921,2.0,1.0,0.0,0,<a refstr=TURNBULL_2015 href=https://ui.adsabs.harvard.edu/abs/2015arXiv151001731T/abstract target=ref>Turnbull 2015</a>,K1/2III,4846.0,3.43,1.48,0.42,[Fe/H],0.838,3.56,2.84,,,,<a refstr=STASSUN_ET_AL__2019 href=https://ui.adsabs.harvard.edu/abs/2019AJ....158..138S/abstract target=ref>TICv8</a>,64.1205476,-59.3028771,-42.56321,270.20525,18.2704,4.44,4.14532,0,1,0,0,1,0,0,0,0,0,1,1,59.590005823999995,13.277993869828629,27.369925117964463,-51.240129507390634,0.0,1.0,1.0,0.6666666666666666,0,circle,0,59.590005823999995,Sol
HD 3651,HD 3651,HD 3651,HIP 3093,1.0,1.0,0.0,0,<a refstr=TURNBULL_2015 href=https://ui.adsabs.harvard.edu/abs/2015arXiv151001731T/abstract target=ref>Turnbull 2015</a>,K0V,5221.0,0.88,0.88,0.16,[Fe/H],-0.268,4.51,8.2,,,,<a refstr=STASSUN_ET_AL__2019 href=https://ui.adsabs.harvard.edu/abs/2019AJ....158..138S/abstract target=ref>TICv8</a>,9.8387218,21.2488844,-41.53458,119.16987,11.1336,5.88437,5.65255,0,1,0,0,1,0,0,0,0,0,1,1,36.312904415999995,33.34641061637118,5.7831366295071485,13.160518867216922,0.0,1.0,1.0,0.6666666666666666,0,circle,0,36.312904416,Sol
HD 3765,HD 3765,HD 3765,HIP 3206,1.0,1.0,0.0,0,<a refstr=TURNBULL_2015 href=https://ui.adsabs.harvard.edu/abs/2015arXiv151001731T/abstract target=ref>Turnbull 2015</a>,K2V,5032.0,0.79,0.85,0.18,[Fe/H],-0.432,4.58,2.0,,,,<a refstr=STASSUN_ET_AL__2019 href=https://ui.adsabs.harvard.edu/abs/2019AJ....158..138S/abstract target=ref>TICv8</a>,10.2072994,40.1842918,-22.64223,120.73677,17.926,7.36,7.07827,0,1,0,0,1,0,0,0,0,0,0,1,58.46672455999999,43.96005375147034,7.915443994170889,37.72555236597456,0.0,0.0,1.0,0.3333333333333333,0,circle,0,58.466724559999996,Sol
HD 39091,HD 39091,HD 39091,HIP 26394,1.0,3.0,0.0,0,<a refstr=TURNBULL_2015 href=https://ui.adsabs.harvard.edu/abs/2015arXiv151001731T/abstract target=ref>Turnbull 2015</a>,G1V,5950.0,1.18,1.07,0.05,[Fe/H],0.215,4.35,5.44,,,,<a refstr=STASSUN_ET_AL__2019 href=https://ui.adsabs.harvard.edu/abs/2019AJ....158..138S/abstract target=ref>TICv8</a>,84.2992798,-80.4646041,-29.77608,292.50808,18.2702,5.65,5.5128,0,0,0,0,0,0,0,0,0,0,0,0,59.589353511999995,0.9805470753660076,9.822565496944524,-58.76603429251741,0.0,0.0,0.0,0.0,0,circle,0,59.589353511999995,Sol
HD 40307,HD 40307,HD 40307,HIP 27887,1.0,5.0,0.0,0,<a refstr=TURNBULL_2015 href=https://ui.adsabs.harvard.edu/abs/2015arXiv151001731T/abstract target=ref>Turnbull 2015</a>,K3V,4827.0,0.72,0.74,-0.28,[Fe/H],-0.569,4.61,2.6,,,,<a refstr=STASSUN_ET_AL__2019 href=https://ui.adsabs.harvard.edu/abs/2019AJ....158..138S/abstract target=ref>TICv8</a>,88.5172191,-60.0237289,-30.34064,268.81455,12.9363,7.17,6.84367,0,0,0,0,0,0,0,0,0,0,0,0,42.192518627999995,0.5455061461056487,21.07406556151414,-36.54852680926676,0.0,0.0,0.0,0.0,0,circle,0,42.192518627999995,Sol
HD 69830,HD 69830,HD 69830,HIP 40693,1.0,3.0,0.0,0,<a refstr=TURNBULL_2015 href=https://ui.adsabs.harvard.edu/abs/2015arXiv151001731T/abstract target=ref>Turnbull 2015</a>,K0V,5361.0,0.9,0.85,-0.06,[Fe/H],-0.201,4.47,9.4,,,,<a refstr=STASSUN_ET_AL__2019 href=https://ui.adsabs.harvard.edu/abs/2019AJ....158..138S/abstract target=ref>TICv8</a>,124.6010091,-12.6364246,12.82251,234.56776,12.5591,5.96004,5.75392,0,1,0,0,1,0,0,0,0,1,1,1,40.962258196,-22.6973312213158,32.90041495076818,-8.961051724709655,1.0,1.0,1.0,1.0,0,circle,0,40.962258196,Sol
HD 7924,HD 7924,HD 7924,HIP 6379,1.0,3.0,0.0,0,<a refstr=TURNBULL_2015 href=https://ui.adsabs.harvard.edu/abs/2015arXiv151001731T/abstract target=ref>Turnbull 2015</a>,K0,5177.0,0.78,0.83,-0.15,[Fe/H],-0.409,4.59,0.88,,,,<a refstr=STASSUN_ET_AL__2019 href=https://ui.adsabs.harvard.edu/abs/2019AJ....158..138S/abstract target=ref>TICv8</a>,20.4956562,76.7101475,13.94549,124.73557,16.9922,7.17896,6.92516,0,0,0,0,0,0,0,0,0,0,0,0,55.421079832,11.9335910259652,4.460755684638821,53.936881201010145,0.0,0.0,0.0,0.0,0,circle,0,55.421079832,Sol
HD 86728,HD 86728,HD 86728,HIP 49081,1.0,1.0,0.0,0,<a refstr=TURNBULL_2015 href=https://ui.adsabs.harvard.edu/abs/2015arXiv151001731T/abstract target=ref>Turnbull 2015</a>,G1V,5700.0,1.06,0.96,0.2,[Fe/H],0.167,4.4,9.52,,,,<a refstr=STASSUN_ET_AL__2019 href=https://ui.adsabs.harvard.edu/abs/2019AJ....158..138S/abstract target=ref>TICv8</a>,150.250054,31.9218216,52.85093,195.01832,14.9202,5.37988,5.2094,0,0,0,0,0,0,0,0,0,0,0,0,48.663127511999996,-35.85994733804483,20.495603616549847,25.731194852845277,0.0,0.0,0.0,0.0,0,circle,0,48.663127511999996,Sol
HD 87883,HD 87883,HD 87883,HIP 49699,1.0,1.0,0.0,0,<a refstr=TURNBULL_2015 href=https://ui.adsabs.harvard.edu/abs/2015arXiv151001731T/abstract target=ref>Turnbull 2015</a>,K0,4958.0,0.78,0.8,0.07,[Fe/H],-0.456,4.56,9.84,,,,<a refstr=STASSUN_ET_AL__2019 href=https://ui.adsabs.harvard.edu/abs/2019AJ....158..138S/abstract target=ref>TICv8</a>,152.1794175,34.2419984,54.54018,191.18698,18.2912,7.56,7.27194,0,1,0,0,1,0,0,0,0,0,0,0,59.65784627199999,-43.61683799930004,23.016577861770124,33.56884282023247,0.0,0.0,0.0,0.0,0,circle,0,59.65784627199999,Sol
HD 99492,HD 99492,HD 99492,HIP 55848,2.0,2.0,0.0,0,<a refstr=TURNBULL_2015 href=https://ui.adsabs.harvard.edu/abs/2015arXiv151001731T/abstract target=ref>Turnbull 2015</a>,K2/4,4955.0,0.76,0.83,0.36,[Fe/H],-0.469,4.61,8.6,,,,<a refstr=STASSUN_ET_AL__2019 href=https://ui.adsabs.harvard.edu/abs/2019AJ....158..138S/abstract target=ref>TICv8</a>,171.689687,3.0071331,58.5071,259.27385,18.2038,7.56727,7.26005,0,2,0,0,1,0,0,0,0,0,0,1,59.372785928,-58.668461981303764,8.56958810025674,3.114713051368935,0.0,0.0,1.0,0.3333333333333333,0,circle,0,59.372785928,Sol
HD 99492,HIP 55846,HD 99491,HIP 55846,2.0,2.0,0.0,0,<a refstr=TURNBULL_2015 href=https://ui.adsabs.harvard.edu/abs/2015arXiv151001731T/abstract target=ref>Turnbull 2015</a>,G6/8III/IV,5502.0,0.93,1.0,0.34,[Fe/H],-0.119,4.53,1.88,,,,<a refstr=STASSUN_ET_AL__2019 href=https://ui.adsabs.harvard.edu/abs/2019AJ....158..138S/abstract target=ref>TICv8</a>,171.6857105,3.0138783,58.50997,259.25991,18.1995,6.48616,6.28815,0,0,0,0,0,0,0,0,0,0,0,0,59.35876122,-58.65364573935219,8.571581555595378,3.120955733637744,0.0,0.0,0.0,0.0,0,circle,0,59.35876122000001,Sol
HIP 77358,HD 140901,HD 140901,HIP 77358,1.0,2.0,0.0,0,<a refstr=TURNBULL_2015 href=https://ui.adsabs.harvard.edu/abs/2015arXiv151001731T/abstract target=ref>Turnbull 2015</a>,G6IV,5627.0,0.95,0.99,0.1,[Fe/H],-0.06,4.51,4.16,,,,<a refstr=STASSUN_ET_AL__2019 href=https://ui.adsabs.harvard.edu/abs/2019AJ....158..138S/abstract target=ref>TICv8</a>,236.8689866,-37.9172333,12.98895,337.16094,15.2528,6.01,5.83135,0,2,0,0,1,0,0,0,0,0,0,0,49.747922368,-21.45016522598963,-32.865587022727816,-30.571218185767552,0.0,0.0,0.0,0.0,0,circle,0,49.747922368,Sol
HN Peg,HN Peg,HD 206860,HIP 107350,1.0,1.0,0.0,0,<a refstr=TURNBULL_2015 href=https://ui.adsabs.harvard.edu/abs/2015arXiv151001731T/abstract target=ref>Turnbull 2015</a>,G0V,5974.0,1.04,1.1,-0.02,[Fe/H],0.072,4.48,3.1,,,,<a refstr=STASSUN_ET_AL__2019 href=https://ui.adsabs.harvard.edu/abs/2019AJ....158..138S/abstract target=ref>TICv8</a>,326.1315705,14.7714524,-28.27039,69.85975,18.1186,5.97707,5.82363,0,0,0,0,0,0,0,0,0,0,0,0,59.094901016,47.44598854249035,-31.84444717854466,15.067072748533207,0.0,0.0,0.0,0.0,0,circle,0,59.094901016,Sol
HR 810,HR 810,HD 17051,HIP 12653,1.0,1.0,0.0,0,<a refstr=TURNBULL_2015 href=https://ui.adsabs.harvard.edu/abs/2015arXiv151001731T/abstract target=ref>Turnbull 2015</a>,G0V,6097.0,1.18,1.15,0.11,[Fe/H],0.25,4.38,2.72,,,,<a refstr=STASSUN_ET_AL__2019 href=https://ui.adsabs.harvard.edu/abs/2019AJ....158..138S/abstract target=ref>TICv8</a>,40.6417178,-50.7993484,-58.32307,268.80649,17.3181,5.4,5.25587,0,1,0,0,1,0,0,0,0,0,1,1,56.484022236,27.089104223046018,23.252405427783227,-43.77157573325285,0.0,1.0,1.0,0.6666666666666666,0,circle,0,56.484022235999994,Sol
TYC 2187-512-1,TYC 2187-512-1,,,1.0,1.0,0.0,0,<a refstr=QUIRRENBACH_ET_AL_2022 href=https://ui.adsabs.harvard.edu/abs/2022A&A...663A..48Q/abstract target=ref>Quirrenbach et al. 2022</a>,M1.0 V,3734.0,0.495,0.498,0.08,[Fe/H],-1.38091,4.68,,,2.0,40.0,<a refstr=STASSUN_ET_AL__2019 href=https://ui.adsabs.harvard.edu/abs/2019AJ....158..138S/abstract target=ref>TICv8</a>,320.5266829,22.9319351,-18.8565,72.54584,15.4744,10.58,9.77026,0,1,0,0,1,0,0,0,0,0,0,0,50.470684064,35.88034492672866,-29.549420282477758,19.665262744153004,0.0,0.0,0.0,0.0,0,circle,0,50.470684064,Sol
alf Cen,alf Cen A,HD 128620,HIP 71683,3.0,2.0,0.0,0,<a refstr=TURNBULL_2015 href=https://ui.adsabs.harvard.edu/abs/2015arXiv151001731T/abstract target=ref>Turnbull 2015</a>,G2.0V,5801.0,1.25,1.06,0.21,[Fe/H],0.207,4.3,7.84,,,,<a refstr=STASSUN_ET_AL__2019 href=https://ui.adsabs.harvard.edu/abs/2019AJ....158..138S/abstract target=ref>TICv8</a>,219.9204103,-60.8351471,-0.68433,315.74188,1.347491,-0.01,,0,0,0,0,0,0,0,0,0,0,0,0,4.39492274596,-1.6425877863550185,-1.374411073704708,-3.8377396351956676,0.0,0.0,0.0,0.0,0,circle,0,4.39492274596,Sol
alf Cen,alf Cen B,HD 128621,HIP 71681,3.0,2.0,0.0,0,<a refstr=TURNBULL_2015 href=https://ui.adsabs.harvard.edu/abs/2015arXiv151001731T/abstract target=ref>Turnbull 2015</a>,K0V,5178.0,0.88,0.88,0.23,[Fe/H],-0.284,4.52,8.0,,,,<a refstr=STASSUN_ET_AL__2019 href=https://ui.adsabs.harvard.edu/abs/2019AJ....158..138S/abstract target=ref>TICv8</a>,219.9141283,-60.8394714,-0.68705,315.73733,1.347491,1.35,,0,0,0,0,0,0,0,0,0,0,0,0,4.39492274596,-1.6425163033219377,-1.3740451170024839,-3.8379012692772405,0.0,0.0,0.0,0.0,0,circle,0,4.39492274596,Sol
eps Eri,eps Eri,HD 22049,HIP 16537,1.0,1.0,0.0,0,<a refstr=TURNBULL_2015 href=https://ui.adsabs.harvard.edu/abs/2015arXiv151001731T/abstract target=ref>Turnbull 2015</a>,K2.0V,5146.0,0.77,0.86,-0.03,[Fe/H],-0.456,4.61,2.6,,,,<a refstr=STASSUN_ET_AL__2019 href=https://ui.adsabs.harvard.edu/abs/2019AJ....158..138S/abstract target=ref>TICv8</a>,53.2284306,-9.4581715,-48.05487,195.84135,3.2026,3.71548,3.47719,0,1,0,0,1,0,0,0,0,0,0,0,10.445472056,6.167929768945937,8.2533768853116,-1.7164786124597096,0.0,0.0,0.0,0.0,0,circle,0,10.445472056000002,Sol
eps Ind,eps Ind A,HD 209100,HIP 108870,3.0,1.0,0.0,0,<a refstr=SANGHI_ET_AL_2026 href=https://ui.adsabs.harvard.edu/abs/2026arXiv260308787S/abstract target=ref>Sanghi et al. 2026</a>,K5 V,4700.0,0.713,0.8,-0.17,[Fe/H],,,3.48,,2.0,18.33,<a refstr=STASSUN_ET_AL__2019 href=https://ui.adsabs.harvard.edu/abs/2019AJ....158..138S/abstract target=ref>TICv8</a>,330.8714021,-56.7969023,-48.05511,336.16647,3.63857,4.69,4.34562,0,1,0,0,1,0,0,0,0,1,1,1,11.867414369199999,5.67680229589103,-3.1633798939855358,-9.929877499243835,1.0,1.0,1.0,1.0,0,circle,0,11.867414369199999,Sol
gam Cep,gam Cep,HD 222404,HIP 116727,2.0,1.0,0.0,0,<a refstr=KNUDSTRUP_ET_AL__2023 href=https://ui.adsabs.harvard.edu/abs/2023A&A...675A.197K/abstract target=ref>Knudstrup et al. 2023</a>,K1 III-IV,4775.0,4.74,1.27,0.18,[Fe/H],,3.189,5.7,,0.0,,<a refstr=STASSUN_ET_AL__2019 href=https://ui.adsabs.harvard.edu/abs/2019AJ....158..138S/abstract target=ref>TICv8</a>,354.8358233,77.6331009,15.31627,118.99221,14.1024,3.23006,2.92627,0,1,0,0,1,0,0,0,0,0,1,1,45.99582374399999,9.810987422901377,-0.8866851785619879,44.928544568802835,0.0,1.0,1.0,0.6666666666666666,0,circle,0,45.99582374399999,Sol
rho CrB,rho CrB,HD 143761,HIP 78459,1.0,3.0,0.0,0,<a refstr=TURNBULL_2015 href=https://ui.adsabs.harvard.edu/abs/2015arXiv151001731T/abstract target=ref>Turnbull 2015</a>,G2V,5823.0,1.35,0.97,-0.2,[Fe/H],0.262,4.18,11.04,,,,<a refstr=STASSUN_ET_AL__2019 href=https://ui.adsabs.harvard.edu/abs/2019AJ....158..138S/abstract target=ref>TICv8</a>,240.2600639,33.3001861,48.92412,53.48367,17.4671,5.40816,5.24167,0,2,0,0,1,0,0,0,0,0,1,2,56.96999467599999,-23.62050365098333,-41.3441647979288,31.277981677516465,0.0,1.0,2.0,1.0,1,diamond,0,56.96999467599999,Sol
GJ 15,GJ 15 A,HD 1326,HIP 1475,2.0,2.0,0.0,0,<a refstr=HOWARD_ET_AL__2014 href=https://ui.adsabs.harvard.edu/abs/2014ApJ...794...51H/abstract target=ref>Howard et al. 2014</a>,M2 V,3567.0,0.3863,0.375,-0.32,[Fe/H],-1.663,4.9,,,1.45,,<a refstr=STASSUN_ET_AL__2019 href=https://ui.adsabs.harvard.edu/abs/2019AJ....158..138S/abstract target=ref>TICv8</a>,4.6126677,44.0247296,-18.44687,116.69017,3.56228,8.09,7.2162,0,1,0,0,1,0,0,0,0,0,0,0,11.6185899568,8.327171548788117,0.6718413458938658,8.074557312153715,0.0,0.0,0.0,0.0,0,circle,0,11.6185899568,Sol
GJ 163,GJ 163,,HIP 19394,1.0,3.0,0.0,0,<a refstr=TUOMI_ET_AL__2013 href=https://ui.adsabs.harvard.edu/abs/2013A%26A...556A.111T/abstract target=ref> Tuomi et al. 2013 </a>,M3.5 V,3500.0,,0.4,0.1,[Fe/H],-1.708,,6.0,,,,<a refstr=STASSUN_ET_AL__2019 href=https://ui.adsabs.harvard.edu/abs/2019AJ....158..138S/abstract target=ref>TICv8</a>,62.3228353,-53.3711768,-45.32001,262.77663,15.1285,11.79,10.6771,0,1,0,0,1,0,0,0,0,0,0,0,49.34251046,13.674168139314432,26.070693108191733,-39.598225024001415,0.0,0.0,0.0,0.0,0,circle,0,49.34251046,Sol
GJ 179,GJ 179,,HIP 22627,1.0,1.0,0.0,0,<a refstr=XIAO_ET_AL__2023 href=https://ui.adsabs.harvard.edu/abs/2023RAA....23e5022X/abstract target=ref>Xiao et al. 2023</a>,M2 V,3370.0,,0.357,0.3,[Fe/H],,4.83,,,,,<a refstr=STASSUN_ET_AL__2019 href=https://ui.adsabs.harvard.edu/abs/2019AJ....158..138S/abstract target=ref>TICv8</a>,73.0245495,6.4752347,-22.86269,192.2274,12.356,11.963,10.7055,0,1,0,0,1,0,0,0,0,0,0,0,40.299835359999996,11.690958690671923,38.29808534025631,4.544763382900491,0.0,0.0,0.0,0.0,0,circle,0,40.29983535999999,Sol
GJ 238,GJ 238,,HIP 31300,1.0,1.0,0.0,0,<a refstr=TEY_ET_AL__2024 href=https://ui.adsabs.harvard.edu/abs/2024AJ....167..283T/abstract target=ref>Tey et al. 2024</a>,M2.5 V,3485.0,0.4314,0.4193,0.15,[Fe/H],-1.61618,,,,,44.0,<a refstr=STASSUN_ET_AL__2019 href=https://ui.adsabs.harvard.edu/abs/2019AJ....158..138S/abstract target=ref>TICv8</a>,98.454881,-58.5250316,-25.12418,267.83346,15.2142,11.62,10.5294,0,0,0,0,0,0,0,0,0,0,0,0,49.622026152,-3.809406987601921,25.627370836723795,-42.32105577404255,0.0,0.0,0.0,0.0,0,circle,0,49.622026152,Sol
GJ 273,GJ 273,,HIP 36208,1.0,2.0,0.0,0,<a refstr=ASTUDILLO_DEFRU_ET_AL__2017 href=https://ui.adsabs.harvard.edu/abs/2017A&A...602A..88A/abstract target=ref>Astudillo-Defru et al. 2017</a>,M3.5,3382.0,0.293,0.29,0.09,[Fe/H],-2.05552,,,,,99.0,<a refstr=STASSUN_ET_AL__2019 href=https://ui.adsabs.harvard.edu/abs/2019AJ....158..138S/abstract target=ref>TICv8</a>,111.852091,5.225807,10.37353,212.34455,5.921535,9.84,,0,0,0,0,0,0,0,0,0,0,0,0,19.3134416946,-7.158811379268493,17.85121988749913,1.759090178167477,0.0,0.0,0.0,0.0,0,circle,0,19.3134416946,Sol
GJ 3021,GJ 3021,HD 1237,HIP 1292,2.0,1.0,0.0,0,<a refstr=NAEF_ET_AL__2001 href=https://ui.adsabs.harvard.edu/abs/2001A&A...375..205N/abstract target=ref> Naef et al. 2001 </a>,G6 V,5540.0,0.9,0.9,0.1,[Fe/H],-0.18,4.7,,,5.5,,<a refstr=STASSUN_ET_AL__2019 href=https://ui.adsabs.harvard.edu/abs/2019AJ....158..138S/abstract target=ref>TICv8</a>,4.0634323,-79.8514218,-37.14415,304.86901,17.5559,6.59,6.39729,0,1,0,0,1,0,0,0,0,0,1,1,57.259621204,10.063861727220587,0.7149308445393293,-56.36374527520751,0.0,1.0,1.0,0.6666666666666666,0,circle,0,57.259621204,Sol
GJ 317,GJ 317,,,1.0,2.0,0.0,0,<a refstr=MORALES_ET_AL_2025 href=https://ui.adsabs.harvard.edu/abs/2025A&A...700A.242M/abstract target=ref>Morales et al. 2025</a>,M3.5 V,3496.0,0.403,0.402,-0.02,[Fe/H],,,,,2.5,57.5,<a refstr=STASSUN_ET_AL__2019 href=https://ui.adsabs.harvard.edu/abs/2019AJ....158..138S/abstract target=ref>TICv8</a>,130.2445254,-23.452809,11.19034,246.79531,15.1968,12.4,10.7539,0,2,0,0,1,0,0,0,0,0,0,0,49.56527500799999,-29.376327479703484,34.707443754327926,-19.726662628636667,0.0,0.0,0.0,0.0,0,circle,0,49.56527500799999,Sol
GJ 3378,GJ 3378,,,1.0,1.0,0.0,0,<a refstr=MOUTOU_ET_AL__2024 href=https://ui.adsabs.harvard.edu/abs/2024A&A...688A.196M/abstract target=ref>Moutou et al. 2024</a>,M4 V,3378.0,,0.26,-0.05,[Fe/H],,,,,,95.1,<a refstr=STASSUN_ET_AL__2019 href=https://ui.adsabs.harvard.edu/abs/2019AJ....158..138S/abstract target=ref>TICv8</a>,90.2951302,59.5931917,17.17401,154.06787,7.72274,12.37,10.4084,0,0,0,0,0,0,0,0,0,0,0,0,25.1881798744,-0.0656679303492321,12.748481795084755,21.723634710343603,0.0,0.0,0.0,0.0,0,circle,0,25.1881798744,Sol
GJ 341,GJ 341,HD 304636,HIP 45908,1.0,1.0,0.0,0,<a refstr=DITOMASSO_ET_AL__2025 href=https://ui.adsabs.harvard.edu/abs/2025ApJ...979..214D/abstract target=ref>DiTomasso et al. 2025</a>,M1,3770.0,0.5066,0.48,-0.16,[Fe/H],,4.72,,,2.32,,<a refstr=STASSUN_ET_AL__2019 href=https://ui.adsabs.harvard.edu/abs/2019AJ....158..138S/abstract target=ref>TICv8</a>,140.3993759,-60.2811692,-7.30635,279.58436,10.454,9.49,8.67538,1,0,0,1,0,0,0,0,1,0,0,0,34.09634824,-13.023917559519159,10.77456057906956,-29.61160885588893,0.0,0.0,2.0,0.6666666666666666,0,circle,0,34.09634824,Sol
GJ 3942,GJ 3942,,HIP 79126,1.0,1.0,0.0,0,<a refstr=PERGER_ET_AL__2017 href=https://ui.adsabs.harvard.edu/abs/2017A&A...608A..63P/abstract target=ref>Perger et al. 2017</a>,M0,3867.0,0.61,0.63,-0.04,[Fe/H],-1.12,4.65,,,1.67,,<a refstr=STASSUN_ET_AL__2019 href=https://ui.adsabs.harvard.edu/abs/2019AJ....158..138S/abstract target=ref>TICv8</a>,242.2645452,52.9441443,45.46907,82.20459,16.9287,10.166,9.40765,0,0,0,0,0,0,0,0,0,0,0,0,55.213970771999996,-15.48425012460112,-29.44885889877387,44.06342333557581,0.0,0.0,0.0,0.0,0,circle,0,55.213970771999996,Sol
GJ 3998,GJ 3998,,HIP 84460,1.0,3.0,0.0,0,<a refstr=AFFER_ET_AL__2016 href=https://ui.adsabs.harvard.edu/abs/2016A&A...593A.117A/abstract target=ref>Affer et al. 2016</a>,M1,3722.0,0.49,0.5,-0.16,[Fe/H],-1.38722,4.77,,,0.93,,<a refstr=STASSUN_ET_AL__2019 href=https://ui.adsabs.harvard.edu/abs/2019AJ....158..138S/abstract target=ref>TICv8</a>,259.0020507,11.0561751,26.15047,32.27249,18.1459,10.844,9.98337,0,0,0,0,0,0,0,0,0,0,0,0,59.183941604,-11.081188645396649,-57.01866907166218,11.349783226436031,0.0,0.0,0.0,0.0,0,circle,0,59.183941604,Sol
GJ 414,GJ 414 B,,,2.0,2.0,0.0,0,<a refstr=DEDRICK_ET_AL__2021 href=https://ui.adsabs.harvard.edu/abs/2021AJ....161...86D/abstract target=ref>Dedrick et al. 2021</a>,M2 V,3663.0,0.548,0.542,0.08,[Fe/H],-1.31876,,11.2,,,,<a refstr=STASSUN_ET_AL__2019 href=https://ui.adsabs.harvard.edu/abs/2019AJ....158..138S/abstract target=ref>TICv8</a>,167.7635938,30.4439215,67.80357,198.37582,11.8728,10.82,9.04708,0,0,0,0,0,0,0,0,0,0,0,0,38.723849568,-32.62636260900852,7.075772410693053,19.621173080696767,0.0,0.0,0.0,0.0,1,diamond,0,38.723849568,Sol
GJ 436,GJ 436,,HIP 57087,1.0,1.0,0.0,0,<a refstr=TORRES_ET_AL__2008 href=https://ui.adsabs.harvard.edu/abs/2008ApJ...677.1324T/abstract target=ref> Torres et al. 2008 </a>,,3350.0,0.464,0.452,-0.03,[Fe/H],-1.585,4.843,6.0,6.43,,,<a refstr=STASSUN_ET_AL__2019 href=https://ui.adsabs.harvard.edu/abs/2019AJ....158..138S/abstract target=ref>TICv8</a>,175.5505363,26.7030669,74.57238,210.55638,9.75321,10.67,9.57148,0,1,0,0,1,0,0,0,0,0,0,1,31.810679607599997,-28.33233830715126,2.204660510189197,14.294663870875729,0.0,0.0,1.0,0.3333333333333333,0,circle,0,31.810679607599997,Sol
GJ 463,GJ 463,,HIP 60398,1.0,1.0,0.0,0,<a refstr=ENDL_ET_AL__2022 href=https://ui.adsabs.harvard.edu/abs/2022AJ....164..238E/abstract target=ref>Endl et al. 2022</a>,M3 V,3540.0,0.49,0.49,,,,4.86,,,2.0,14.0,<a refstr=STASSUN_ET_AL__2019 href=https://ui.adsabs.harvard.edu/abs/2019AJ....158..138S/abstract target=ref>TICv8</a>,185.7440496,64.0324311,52.8104,128.07997,18.3554,11.595,10.5462,0,1,0,0,1,0,0,0,0,0,0,0,59.86723842399999,-26.081987983540063,-2.623581933684918,53.82316376040872,0.0,0.0,0.0,0.0,0,circle,0,59.867238423999986,Sol
GJ 480,GJ 480,,HIP 61706,1.0,1.0,0.0,0,<a refstr=OULD_ELHKIM_ET_AL_2025 href=https://ui.adsabs.harvard.edu/abs/2025A&A...696A.152O/abstract target=ref>Ould-Elhkim et al. 2025</a>,,3509.0,0.449,0.45,0.26,[m/H],-1.562,4.88,,,,50.3,<a refstr=STASSUN_ET_AL__2019 href=https://ui.adsabs.harvard.edu/abs/2019AJ....158..138S/abstract target=ref>TICv8</a>,189.7134226,11.6950708,74.2865,291.48636,14.2358,11.49,10.3249,0,0,0,0,0,0,0,0,0,0,0,0,46.430915848,-44.81520520375607,-7.671209294475793,9.411688317705835,0.0,0.0,0.0,0.0,0,circle,0,46.430915848,Sol
GJ 508.2,GJ 508.2,,HIP 65143,1.0,1.0,0.0,0,<a refstr=MORALES_ET_AL_2025 href=https://ui.adsabs.harvard.edu/abs/2025A&A...700A.242M/abstract target=ref>Morales et al. 2025</a>,M1.0 V,3720.0,0.53,0.54,-0.15,[Fe/H],,,,,2.0,36.0,<a refstr=STASSUN_ET_AL__2019 href=https://ui.adsabs.harvard.edu/abs/2019AJ....158..138S/abstract target=ref>TICv8</a>,200.2443854,34.2776644,80.44433,83.15516,16.6374,10.61,9.76539,0,0,0,0,0,0,0,0,0,0,0,0,54.263878344,-42.06928325652527,-15.515494565039429,30.561631625567813,0.0,0.0,0.0,0.0,0,circle,0,54.263878344,Sol
GJ 674,GJ 674,,HIP 85523,1.0,1.0,0.0,0,<a refstr=BONFILS_ET_AL__2007 href=https://ui.adsabs.harvard.edu/abs/2007A&A...474..293B/abstract target=ref> Bonfils et al. 2007 </a>,M2.5,3600.0,,0.35,-0.28,[Fe/H],-1.796,,0.55,,1.0,,<a refstr=STASSUN_ET_AL__2019 href=https://ui.adsabs.harvard.edu/abs/2019AJ....158..138S/abstract target=ref>TICv8</a>,262.1700476,-46.8989826,-6.78174,343.00208,4.54896,9.38,8.33063,0,0,0,0,0,0,0,0,0,0,0,0,14.8367059776,-1.3810975325429302,-10.043207980623729,-10.833023000496732,0.0,0.0,0.0,0.0,0,circle,0,14.8367059776,Sol
GJ 832,GJ 832,HD 204961,HIP 106440,1.0,1.0,0.0,0,<a refstr=BAILEY_ET_AL__2009 href=https://ui.adsabs.harvard.edu/abs/2009ApJ...690..743B/abstract target=ref> Bailey et al. 2009 </a>,M1.5,3657.0,0.48,0.45,-0.7,[Fe/H],,4.7,,,,,<a refstr=STASSUN_ET_AL__2019 href=https://ui.adsabs.harvard.edu/abs/2019AJ....158..138S/abstract target=ref>TICv8</a>,323.3912616,-49.0125169,-46.34872,349.16814,4.96435,8.66,7.73761,0,1,0,0,1,0,0,0,0,0,0,0,16.191525386,8.524896860570715,-6.333164645523231,-12.222219659898466,0.0,0.0,0.0,0.0,0,circle,0,16.191525386,Sol
GJ 96,GJ 96,,HIP 11048,1.0,1.0,0.0,0,<a refstr=HOBSON_ET_AL__2018 href=https://ui.adsabs.harvard.edu/abs/2018A&A...618A.103H/abstract target=ref>Hobson et al. 2018</a>,M2,3785.0,,0.6,0.14,[Fe/H],-1.05159,,,,,29.6,<a refstr=STASSUN_ET_AL__2019 href=https://ui.adsabs.harvard.edu/abs/2019AJ....158..138S/abstract target=ref>TICv8</a>,35.5624031,47.8802075,-12.26466,138.29282,11.9315,9.4,8.63186,0,1,0,0,1,0,0,0,0,1,1,1,38.91530314,21.23175512180976,15.179380597760717,28.86520045996432,1.0,1.0,1.0,1.0,0,circle,0,38.91530314,Sol
GJ 9773,GJ 9773,,HIP 109638,1.0,1.0,0.0,0,<a refstr=MORALES_ET_AL_2025 href=https://ui.adsabs.harvard.edu/abs/2025A&A...700A.242M/abstract target=ref>Morales et al. 2025</a>,M3.0 V,3528.0,0.362,0.358,-0.2,[Fe/H],,,,,2.0,56.0,<a refstr=STASSUN_ET_AL__2019 href=https://ui.adsabs.harvard.edu/abs/2019AJ....158..138S/abstract target=ref>TICv8</a>,333.1502333,8.5503355,-37.53603,70.11203,15.9211,12.033,10.9047,0,1,0,0,1,0,0,0,0,0,0,0,51.927622916,45.814582601082556,-23.192581097687253,7.720506772360963,0.0,0.0,0.0,0.0,0,circle,0,51.927622916,Sol
HD 147379,HD 147379,HD 147379,HIP 79755,2.0,1.0,0.0,0,<a refstr=HOBSON_ET_AL__2018 href=https://ui.adsabs.harvard.edu/abs/2018A&A...618A.103H/abstract target=ref>Hobson et al. 2018</a>,M1,4156.0,,0.6,0.19,[Fe/H],-0.97102,,,,,28.8,<a refstr=STASSUN_ET_AL__2019 href=https://ui.adsabs.harvard.edu/abs/2019AJ....158..138S/abstract target=ref>TICv8</a>,244.1725686,67.2392041,39.47188,99.90191,10.7643,8.61,7.90052,0,1,0,0,1,0,0,0,0,1,1,1,35.108410307999996,-5.917557907226481,-12.226114833790122,32.37445132879442,1.0,1.0,1.0,1.0,0,circle,0,35.108410307999996,Sol
HD 22496,HD 22496,HD 22496,HIP 16711,1.0,1.0,0.0,0,<a refstr=LILLO_BOX_ET_AL__2021 href=https://ui.adsabs.harvard.edu/abs/2021A&A...654A..60L/abstract target=ref>Lillo-Box et al. 2021</a>,,4385.0,0.674,0.684,-0.08,[Fe/H],-1.17393,4.69,,,,30.0,<a refstr=STASSUN_ET_AL__2019 href=https://ui.adsabs.harvard.edu/abs/2019AJ....158..138S/abstract target=ref>TICv8</a>,53.7565398,-48.4178173,-51.95852,258.09213,13.5956,8.57,8.01945,0,0,0,0,0,0,0,0,0,0,0,0,44.34286513599999,17.399579644683577,23.73571332639464,-33.16866336687399,0.0,0.0,0.0,0.0,0,circle,0,44.342865136,Sol
HIP 56998,HIP 56998,HD 101581,HIP 56998,1.0,2.0,0.0,0,<a refstr=KUNIMOTO_ET_AL__2025 href=https://ui.adsabs.harvard.edu/abs/2025AJ....169...47K/abstract target=ref>Kunimoto et al. 2025</a>,,4675.0,0.63,0.653,-0.343,[Fe/H],,4.654,6.88,,2.47,,<a refstr=STASSUN_ET_AL__2019 href=https://ui.adsabs.harvard.edu/abs/2019AJ....158..138S/abstract target=ref>TICv8</a>,175.2563039,-44.4041485,16.67814,289.89696,12.7781,7.77,7.38399,0,0,0,0,0,0,0,0,0,0,0,0,41.676539835999996,-29.672647894373423,2.4623196960215137,-29.16170299130034,0.0,0.0,0.0,0.0,0,circle,0,41.67653983599999,Sol
LHS 475,LHS 475,,,1.0,1.0,0.0,0,<a refstr=LUSTIG_YAEGER_ET_AL_2023 href=https://ui.adsabs.harvard.edu/abs/2023NatAs...7.1317L/abstract target=ref>Lustig-Yaeger et al. 2023</a>,M3.5 V,3300.0,0.2789,0.262,,,,5.0,,18.4,,79.32,<a refstr=STASSUN_ET_AL__2019 href=https://ui.adsabs.harvard.edu/abs/2019AJ....158..138S/abstract target=ref>TICv8</a>,290.2379403,-82.5597883,-27.83616,311.28216,12.4814,13.0,11.4174,0,0,0,0,0,0,0,0,0,0,0,0,40.708834984,1.8234977487720794,-4.946012617720335,-40.36608800590065,0.0,0.0,0.0,0.0,0,circle,0,40.708834984,Sol
Wolf 1061,Wolf 1061,,HIP 80824,1.0,3.0,0.0,0,<a refstr=ASTUDILLO_DEFRU_ET_AL__2017 href=https://ui.adsabs.harvard.edu/abs/2017A&A...602A..88A/abstract target=ref>Astudillo-Defru et al. 2017</a>,M3.5,3342.0,0.307,0.294,-0.09,[Fe/H],-1.9914,,,,,95.0,<a refstr=STASSUN_ET_AL__2019 href=https://ui.adsabs.harvard.edu/abs/2019AJ....158..138S/abstract target=ref>TICv8</a>,247.5748276,-12.6676866,23.67715,3.34702,4.30592,10.1,8.79444,0,0,1,0,0,1,0,0,0,0,0,0,14.0440164352,-5.227053329317271,-12.66598454666974,-3.0797965173310122,0.0,0.0,0.0,0.0,0,circle,0,14.0440164352,Sol
tau Cet,tau Cet,HD 10700,HIP 8102,1.0,3.0,0.0,0,<a refstr=TURNBULL_2015 href=https://ui.adsabs.harvard.edu/abs/2015arXiv151001731T/abstract target=ref>Turnbull 2015</a>,G8.5V,5283.0,0.83,0.8,-0.52,[Fe/H],-0.284,4.52,,,,,<a refstr=STASSUN_ET_AL__2019 href=https://ui.adsabs.harvard.edu/abs/2019AJ....158..138S/abstract target=ref>TICv8</a>,26.0093029,-15.9337987,-73.4424,173.07319,3.60304,3.49607,3.24854,0,0,0,0,0,0,0,0,0,0,0,0,11.7515311424,10.155596908668025,4.955256908004746,-3.2261067240748096,0.0,0.0,0.0,0.0,0,circle,0,11.7515311424,Sol
GJ 1148,GJ 1148,,HIP 57050,1.0,2.0,0.0,0,<a refstr=ROSENTHAL_ET_AL__2021 href=https://ui.adsabs.harvard.edu/abs/2021ApJS..255....8R/abstract target=ref>Rosenthal et al. 2021</a>,,3357.57,0.36664,0.373585,0.1596,[Fe/H],,4.880226,,,,,<a refstr=STASSUN_ET_AL__2019 href=https://ui.adsabs.harvard.edu/abs/2019AJ....158..138S/abstract target=ref>TICv8</a>,175.4326081,42.7515862,68.91636,160.61794,11.0143,11.939,10.5769,0,2,0,0,1,0,0,0,0,0,1,1,35.923800308,-26.295209941972395,2.1006010734664127,24.385832727360544,0.0,1.0,1.0,0.6666666666666666,0,circle,0,35.923800308,Sol
GJ 229,GJ 229,HD 42581,HIP 29295,3.0,2.0,0.0,0,<a refstr=TURNBULL_2015 href=https://ui.adsabs.harvard.edu/abs/2015arXiv151001731T/abstract target=ref>Turnbull 2015</a>,M1.5V,3710.0,0.46,0.48,,,-1.222,4.81,,,,,<a refstr=STASSUN_ET_AL__2019 href=https://ui.adsabs.harvard.edu/abs/2019AJ....158..138S/abstract target=ref>TICv8</a>,92.6435993,-21.8677233,-18.44091,228.61506,5.75624,8.15,7.30724,0,0,1,0,0,1,0,0,0,0,0,0,18.7743221344,-0.8036237558567647,17.40489606427865,-6.992778664944426,0.0,0.0,0.0,0.0,0,circle,0,18.7743221344,Sol
GJ 433,GJ 433,,HIP 56528,1.0,3.0,0.0,0,<a refstr=STASSUN_ET_AL__2017 href=https://ui.adsabs.harvard.edu/abs/2017AJ....153..136S/abstract target=ref>Stassun et al. 2017</a>,,3461.0,0.5,0.59,-0.17,[Fe/H],,4.81,,,,,<a refstr=STASSUN_ET_AL__2019 href=https://ui.adsabs.harvard.edu/abs/2019AJ....158..138S/abstract target=ref>TICv8</a>,173.8619194,-32.5436302,27.65117,284.88498,9.06456,9.81,8.89138,0,1,0,0,1,0,0,0,0,0,0,0,29.5646063136,-24.779554655153643,2.664829015556275,-15.904034201681654,0.0,0.0,0.0,0.0,0,circle,0,29.5646063136,Sol
GJ 676,GJ 676 A,,HIP 85647,2.0,4.0,0.0,0,<a refstr=STASSUN_ET_AL__2017 href=https://ui.adsabs.harvard.edu/abs/2017AJ....153..136S/abstract target=ref>Stassun et al. 2017</a>,,3734.0,0.69,0.73,0.08,[Fe/H],,4.62,,,,,<a refstr=STASSUN_ET_AL__2019 href=https://ui.adsabs.harvard.edu/abs/2019AJ....158..138S/abstract target=ref>TICv8</a>,262.5448903,-51.6377777,-9.54226,339.10272,16.0272,9.58,8.86517,0,1,0,0,1,0,0,0,0,0,0,0,52.273674432,-4.209414575593054,-32.16841513061202,-40.987936463527014,0.0,0.0,0.0,0.0,0,circle,0,52.273674432,Sol
GJ 687,GJ 687,,HIP 86162,1.0,2.0,0.0,0,<a refstr=ROSENTHAL_ET_AL__2021 href=https://ui.adsabs.harvard.edu/abs/2021ApJS..255....8R/abstract target=ref>Rosenthal et al. 2021</a>,,3561.3,0.397371,0.417834,0.0631,[Fe/H],,4.85936,,,,,<a refstr=STASSUN_ET_AL__2019 href=https://ui.adsabs.harvard.edu/abs/2019AJ....158..138S/abstract target=ref>TICv8</a>,264.1041731,68.3336741,31.96608,98.59611,4.54939,9.15,8.02754,0,2,0,0,1,0,0,0,0,1,1,1,14.838108448399998,-0.5627251756021041,-5.44926060610855,13.789791932800744,1.0,1.0,1.0,1.0,0,circle,0,14.8381084484,Sol
GJ 876,GJ 876,,HIP 113020,1.0,4.0,0.0,0,<a refstr=ROSENTHAL_ET_AL__2021 href=https://ui.adsabs.harvard.edu/abs/2021ApJS..255....8R/abstract target=ref>Rosenthal et al. 2021</a>,,3293.74,0.367,0.369607,0.2129,[Fe/H],,4.874911,,,,,<a refstr=STASSUN_ET_AL__2019 href=https://ui.adsabs.harvard.edu/abs/2019AJ....158..138S/abstract target=ref>TICv8</a>,343.3239737,-14.2665958,-59.63511,52.00313,4.67517,10.16,8.8753,0,2,0,0,1,0,0,0,0,1,2,2,15.248347465199998,14.156554893136326,-4.240714276819879,-3.7577115907777214,1.0,2.0,2.0,1.6666666666666667,0,circle,0,15.248347465199998,Sol
Gl 378,Gl 378,,HIP 49189,1.0,1.0,0.0,0,<a refstr=HOBSON_ET_AL__2019 href=https://ui.adsabs.harvard.edu/abs/2019A&A...625A..18H/abstract target=ref>Hobson et al. 2019</a>,M1,3879.0,0.56,0.56,0.06,[Fe/H],-1.22185,,,,,,<a refstr=STASSUN_ET_AL__2019 href=https://ui.adsabs.harvard.edu/abs/2019AJ....158..138S/abstract target=ref>TICv8</a>,150.5865513,48.0824515,51.19188,168.74261,14.9545,10.03,9.26515,0,0,0,0,0,0,0,0,0,0,0,0,48.774999019999996,-28.38444152866119,16.002589852349818,36.29381664312098,0.0,0.0,0.0,0.0,0,circle,0,48.774999019999996,Sol
Gl 725,Gl 725 B,HD 173740,HIP 91772,2.0,1.0,0.0,0,<a refstr=CORTES_ZULETA_ET_AL_2025 href=https://ui.adsabs.harvard.edu/abs/2025A&A...693A.164C/abstract target=ref>Cort&eacute;s-Zuleta et al. 2025</a>,M4,3379.0,0.28,0.25,,,-2.038,,,,,135.0,<a refstr=STASSUN_ET_AL__2019 href=https://ui.adsabs.harvard.edu/abs/2019AJ....158..138S/abstract target=ref>TICv8</a>,280.695353,59.62706,24.2296,89.28489,6.842357,9.7,,0,0,0,0,0,0,0,0,0,0,0,0,22.31675789692,2.094151839003506,-11.08791464607376,19.253840134018002,0.0,0.0,0.0,0.0,0,circle,0,22.31675789692,Sol
Gliese 48,Gliese 48,,HIP 4856,1.0,1.0,0.0,0,<a refstr=CONZO_ET_AL_2026 href=https://ui.adsabs.harvard.edu/abs/2026OEJV..273....1C/abstract target=ref>Conzo et al. 2026</a>,M3.5 V,3450.0,0.463,0.47,,,-1.56384,,,,,51.5,<a refstr=STASSUN_ET_AL__2019 href=https://ui.adsabs.harvard.edu/abs/2019AJ....158..138S/abstract target=ref>TICv8</a>,15.6582402,71.6781735,8.82577,123.82195,8.23366,9.98,8.93343,0,0,0,0,0,0,0,0,0,0,0,0,26.8545761096,8.128558656527076,2.2784435415113,25.493204726394115,0.0,0.0,0.0,0.0,0,circle,0,26.8545761096,Sol
HD 285968,HD 285968,HD 285968,HIP 21932,1.0,1.0,0.0,0,<a refstr=VON_BRAUN_ET_AL__2014 href=https://ui.adsabs.harvard.edu/abs/2014MNRAS.438.2413V/abstract target=ref> von Braun et al. 2014</a>,M2,3679.0,0.4525,0.45,0.15,[Fe/H],-1.472,,,,,,<a refstr=STASSUN_ET_AL__2019 href=https://ui.adsabs.harvard.edu/abs/2019AJ....158..138S/abstract target=ref>TICv8</a>,70.7353853,18.953358,-17.42723,180.02116,9.47045,9.95,8.99955,0,0,0,0,0,0,0,0,0,0,0,0,30.888440901999996,9.638541876245775,27.577943131359785,10.032514365785307,0.0,0.0,0.0,0.0,0,circle,0,30.888440901999996,Sol
HIP 15799,GJ 3222,HD 21175,HIP 15799,2.0,1.0,0.0,0,<a refstr=TURNBULL_2015 href=https://ui.adsabs.harvard.edu/abs/2015arXiv151001731T/abstract target=ref>Turnbull 2015</a>,K0V,5045.0,0.98,0.86,,,-0.252,4.43,,,,,<a refstr=STASSUN_ET_AL__2019 href=https://ui.adsabs.harvard.edu/abs/2019AJ....158..138S/abstract target=ref>TICv8</a>,50.8972464,-40.0762325,-56.09164,245.24126,18.23817,6.9,,0,0,0,0,0,0,0,0,0,0,0,0,59.484885745199996,28.70826440003909,35.32204288141712,-38.29674234109575,0.0,0.0,0.0,0.0,0,circle,0,59.484885745199996,Sol
HIP 64797 A,HD 115404 A,HD 115404 A,HIP 64797 A,1.0,2.0,0.0,0,<a refstr=TURNBULL_2015 href=https://ui.adsabs.harvard.edu/abs/2015arXiv151001731T/abstract target=ref>Turnbull 2015</a>,K2V,4899.0,0.79,0.75,,,-0.495,4.4,,,,,<a refstr=STASSUN_ET_AL__2019 href=https://ui.adsabs.harvard.edu/abs/2019AJ....158..138S/abstract target=ref>TICv8</a>,199.2155793,17.0160384,78.30331,334.41024,10.9816,6.50066,6.28558,0,2,0,0,1,0,0,0,0,0,0,1,35.817147296,-32.34104833628498,-11.272205817331256,10.481507951872311,0.0,0.0,1.0,0.3333333333333333,0,circle,0,35.817147296,Sol
HIP 79431,HIP 79431,,HIP 79431,1.0,1.0,0.0,0,<a refstr=APPS_ET_AL__2010 href=https://ui.adsabs.harvard.edu/abs/2010PASP..122..156A/abstract target=ref> Apps et al. 2010 </a>,M3 V,3191.0,,0.49,0.4,[Fe/H],,,,,,,<a refstr=STASSUN_ET_AL__2019 href=https://ui.adsabs.harvard.edu/abs/2019AJ....158..138S/abstract target=ref>TICv8</a>,243.1742467,-18.8764247,22.96885,355.19966,14.5324,11.394,10.2351,0,1,0,0,1,0,0,0,0,0,0,1,47.398294544,-20.23946405919729,-40.02261850681231,-15.334680568385076,0.0,0.0,1.0,0.3333333333333333,0,circle,0,47.39829454400001,Sol
HIP 83020 A,HD 153557,HD 153557,HIP 83020 A,1.0,3.0,0.0,0,<a refstr=TURNBULL_2015 href=https://ui.adsabs.harvard.edu/abs/2015arXiv151001731T/abstract target=ref>Turnbull 2015</a>,K0,4649.0,0.84,0.73,,,-0.538,4.56,,,,,<a refstr=STASSUN_ET_AL__2019 href=https://ui.adsabs.harvard.edu/abs/2019AJ....158..138S/abstract target=ref>TICv8</a>,254.4706516,47.3678558,38.46731,73.37904,17.9412,7.83,7.50548,0,2,0,0,1,0,0,0,0,0,0,2,58.51630027199999,-10.610869033745432,-38.18559263006042,43.05145028175756,0.0,0.0,2.0,0.6666666666666666,0,circle,0,58.51630027199999,Sol
LTT 1445,LTT 1445 A,,HIP 14101,3.0,2.0,0.0,0,<a refstr=ODDO_ET_AL__2023 href=https://ui.adsabs.harvard.edu/abs/2023AJ....165..134O/abstract target=ref>Oddo et al. 2023</a>,M3.0,3340.0,0.265,0.257,-0.34,[Fe/H],,,,,,,<a refstr=STASSUN_ET_AL__2019 href=https://ui.adsabs.harvard.edu/abs/2019AJ....158..138S/abstract target=ref>TICv8</a>,45.4624781,-16.5944956,-58.07573,200.48712,6.86929,10.59,10.0469,0,0,0,0,0,0,0,0,0,0,0,0,22.4046014924,15.059564320401531,15.304662564345819,-6.398671292108482,0.0,0.0,0.0,0.0,0,circle,0,22.4046014924,Sol
GJ 180,GJ 180,,HIP 22762,1.0,3.0,0.0,0,<a refstr=TURNBULL_2015 href=https://ui.adsabs.harvard.edu/abs/2015arXiv151001731T/abstract target=ref>Turnbull 2015</a>,M3,3562.0,0.42,0.39,,,-1.523,,,,,,<a refstr=STASSUN_ET_AL__2019 href=https://ui.adsabs.harvard.edu/abs/2019AJ....158..138S/abstract target=ref>TICv8</a>,73.460097,-17.776194,-33.72746,216.96953,11.9407,10.914,9.93395,0,0,0,0,0,0,0,0,0,0,0,0,38.945309492,10.557731487853959,35.55136518915503,-11.889990346731935,0.0,0.0,0.0,0.0,0,circle,0,38.94530949200001,Sol
GJ 3082,GJ 3082,,HIP 5812,1.0,1.0,0.0,0,<a refstr=TURNBULL_2015 href=https://ui.adsabs.harvard.edu/abs/2015arXiv151001731T/abstract target=ref>Turnbull 2015</a>,M4,3613.0,0.47,0.42,,,-1.523,,,,,,<a refstr=STASSUN_ET_AL__2019 href=https://ui.adsabs.harvard.edu/abs/2019AJ....158..138S/abstract target=ref>TICv8</a>,18.6432425,-53.9407751,-62.85069,295.46265,16.6186,11.041,10.2011,0,0,0,0,0,0,0,0,0,0,0,0,54.202561016,30.230650083056666,10.19914408005022,-43.81783742134435,0.0,0.0,0.0,0.0,0,circle,0,54.202561016,Sol
GJ 422,GJ 422,HD 304043,HIP 55042,1.0,1.0,0.0,0,<a refstr=STASSUN_ET_AL__2019 href=https://ui.adsabs.harvard.edu/abs/2019AJ....158..138S/abstract target=ref>TICv8</a>,,3428.0,0.370328,0.357646,,,-1.76797,4.85435,,9.92794,,,<a refstr=STASSUN_ET_AL__2019 href=https://ui.adsabs.harvard.edu/abs/2019AJ....158..138S/abstract target=ref>TICv8</a>,168.9810458,-57.5425629,2.98047,290.36745,12.6631,11.66,10.4771,0,0,0,0,0,0,0,0,0,0,0,0,41.301460436,-21.756735331957685,4.236550780445257,-34.8497738776929,0.0,0.0,0.0,0.0,0,circle,0,41.301460436,Sol
GJ 667,HIP 84709,HD 156384,HIP 84709,3.0,5.0,0.0,0,<a refstr=TURNBULL_2015 href=https://ui.adsabs.harvard.edu/abs/2015arXiv151001731T/abstract target=ref>Turnbull 2015</a>,M1.5V,4810.0,0.52,0.59,,,-0.886,,,,,,<a refstr=STASSUN_ET_AL__2019 href=https://ui.adsabs.harvard.edu/abs/2019AJ....158..138S/abstract target=ref>TICv8</a>,259.737426,-34.989899,1.42368,351.8417,6.97107,5.91,,0,0,0,0,0,0,0,0,0,0,0,0,22.7365630692,-3.318577106689761,-18.328999143089643,-13.037873162417362,0.0,0.0,0.0,0.0,0,circle,0,22.736563069199995,Sol
GJ 676,WDS J17302-5138 B,,,2.0,4.0,0.0,0,<a refstr=STASSUN_ET_AL__2019 href=https://ui.adsabs.harvard.edu/abs/2019AJ....158..138S/abstract target=ref>TICv8</a>,,3217.0,0.310503,0.288636,,,-2.03137,4.91429,,13.593108,,,<a refstr=STASSUN_ET_AL__2019 href=https://ui.adsabs.harvard.edu/abs/2019AJ....158..138S/abstract target=ref>TICv8</a>,262.5657915,-51.6404063,-9.55464,339.10746,15.9611,13.628,11.9754,0,0,0,0,0,0,0,0,0,0,0,0,52.058085315999996,-4.1801248884357864,-32.035415042614886,-40.82037463978519,0.0,0.0,0.0,0.0,0,circle,0,52.058085315999996,Sol
GJ 682,GJ 682,,HIP 86214,1.0,2.0,0.0,0,<a refstr=TUOMI_ET_AL__2014 href=https://ui.adsabs.harvard.edu/abs/2014MNRAS.441.1545T/abstract target=ref>Tuomi et al. 2014</a>,M3.5 V,3028.0,,0.27,,,-2.69897,,,,,,<a refstr=STASSUN_ET_AL__2019 href=https://ui.adsabs.harvard.edu/abs/2019AJ....158..138S/abstract target=ref>TICv8</a>,264.2610245,-44.3232519,-6.63429,345.9806,5.00671,10.94,9.57025,0,0,0,0,0,0,0,0,0,0,0,0,16.3296850676,-1.168201206278437,-11.623852794377479,-11.409643577399379,0.0,0.0,0.0,0.0,0,circle,0,16.3296850676,Sol
GJ 720,GJ 720 B,,,2.0,1.0,0.0,0,<a refstr=STASSUN_ET_AL__2019 href=https://ui.adsabs.harvard.edu/abs/2019AJ....158..138S/abstract target=ref>TICv8</a>,,3311.0,0.297321,0.273564,,,-2.01902,4.92868,,14.674036,,,<a refstr=STASSUN_ET_AL__2019 href=https://ui.adsabs.harvard.edu/abs/2019AJ....158..138S/abstract target=ref>TICv8</a>,278.8665175,45.7629299,21.71119,74.42165,15.5489,13.026,11.7656,0,0,0,0,0,0,0,0,0,0,0,0,50.713670283999996,5.453120785274095,-34.95653761580352,36.3342855343323,0.0,0.0,0.0,0.0,0,circle,0,50.713670283999996,Sol
GJ 896,GJ 896 A,,HIP 116132 A,2.0,1.0,0.0,0,<a refstr=STASSUN_ET_AL__2019 href=https://ui.adsabs.harvard.edu/abs/2019AJ....158..138S/abstract target=ref>TICv8</a>,,3345.0,0.394682,0.385464,,,-1.75523,4.83156,,8.839089,,,<a refstr=STASSUN_ET_AL__2019 href=https://ui.adsabs.harvard.edu/abs/2019AJ....158..138S/abstract target=ref>TICv8</a>,352.9700384,19.9370011,-39.14311,98.57856,6.26022,10.05,9.03758,0,1,0,0,1,0,0,0,0,0,0,0,20.4180831432,19.050091063085354,-2.34916973856976,6.962294971499822,0.0,0.0,0.0,0.0,0,circle,0,20.418083143200004,Sol
HD 147379,HIP 79762,HD 147379 B,HIP 79762,2.0,1.0,0.0,0,<a refstr=STASSUN_ET_AL__2019 href=https://ui.adsabs.harvard.edu/abs/2019AJ....158..138S/abstract target=ref>TICv8</a>,,3438.0,0.458479,0.455567,,,-1.57744,4.77398,,6.664376,,,<a refstr=STASSUN_ET_AL__2019 href=https://ui.adsabs.harvard.edu/abs/2019AJ....158..138S/abstract target=ref>TICv8</a>,244.1834312,67.2566283,39.4605,99.91985,10.7612,10.615,9.60855,0,0,0,0,0,0,0,0,0,0,0,0,35.098299472,-5.909249731812442,-12.214854446522828,32.36925585001193,0.0,0.0,0.0,0.0,0,circle,0,35.098299472,Sol
HD 211970,HD 211970,HD 211970,HIP 110443,1.0,1.0,0.0,0,<a refstr=FENG_ET_AL__2019 href=https://ui.adsabs.harvard.edu/abs/2019ApJS..242...25F/abstract target=ref>Feng et al. 2019</a>,K7 V,4127.0,,0.61,,,,,,,,,<a refstr=STASSUN_ET_AL__2019 href=https://ui.adsabs.harvard.edu/abs/2019AJ....158..138S/abstract target=ref>TICv8</a>,335.5661579,-54.5596006,-51.44875,337.2469,13.1277,10.24,8.40444,0,0,0,0,0,0,0,0,0,0,0,0,42.816781212,22.60398941796266,-10.26972713988756,-34.8836511882166,0.0,0.0,0.0,0.0,0,circle,0,42.816781211999995,Sol
HIP 38594,HIP 38594,,HIP 38594,2.0,2.0,0.0,0,<a refstr=TURNBULL_2015 href=https://ui.adsabs.harvard.edu/abs/2015arXiv151001731T/abstract target=ref>Turnbull 2015</a>,M,3954.0,0.71,0.57,,,-0.959,,,,,,<a refstr=STASSUN_ET_AL__2019 href=https://ui.adsabs.harvard.edu/abs/2019AJ....158..138S/abstract target=ref>TICv8</a>,118.5439118,-25.3023073,1.29682,242.4005,17.7886,9.75,9.08528,0,1,0,0,1,0,0,0,0,0,0,0,58.018586215999996,-25.063535221352232,46.07704088502862,-24.796811327081176,0.0,0.0,0.0,0.0,0,circle,0,58.018586215999996,Sol
HIP 48714,HIP 48714,,HIP 48714,1.0,1.0,0.0,0,<a refstr=TURNBULL_2015 href=https://ui.adsabs.harvard.edu/abs/2015arXiv151001731T/abstract target=ref>Turnbull 2015</a>,M2,3831.0,0.63,0.52,,,-1.097,,,,,,<a refstr=STASSUN_ET_AL__2019 href=https://ui.adsabs.harvard.edu/abs/2019AJ....158..138S/abstract target=ref>TICv8</a>,149.0332672,62.7859505,44.35805,149.22209,10.5298,8.99,8.22861,0,1,0,0,1,0,0,0,0,0,1,1,34.343574487999994,-13.467249521573951,8.081301151493145,30.541887149214368,0.0,1.0,1.0,0.6666666666666666,0,circle,0,34.34357448799999,Sol
HIP 86057,GJ 680,,HIP 86057,2.0,1.0,0.0,0,<a refstr=TURNBULL_2015 href=https://ui.adsabs.harvard.edu/abs/2015arXiv151001731T/abstract target=ref>Turnbull 2015</a>,K5,3563.0,0.47,0.42,,,-1.523,,,,,,<a refstr=STASSUN_ET_AL__2019 href=https://ui.adsabs.harvard.edu/abs/2019AJ....158..138S/abstract target=ref>TICv8</a>,263.8072214,-48.6788427,-8.6634,342.07898,9.67315,10.129,9.28322,0,0,0,0,0,0,0,0,0,0,0,0,31.549559113999997,-2.247179726786042,-20.709951671705838,-23.694361466790166,0.0,0.0,0.0,0.0,0,circle,0,31.549559113999994,Sol
Kapteyn,Kapteyn,HD 33793,HIP 24186,1.0,1.0,0.0,0,<a refstr=STASSUN_ET_AL__2019 href=https://ui.adsabs.harvard.edu/abs/2019AJ....158..138S/abstract target=ref>TICv8</a>,,3742.0,0.301994,0.278894,,,-1.79289,4.92351,,14.276042,,,<a refstr=STASSUN_ET_AL__2019 href=https://ui.adsabs.harvard.edu/abs/2019AJ....158..138S/abstract target=ref>TICv8</a>,77.9586613,-45.0430198,-35.97592,250.56446,3.93305,8.86,8.06198,0,0,0,0,0,0,0,0,0,0,0,0,12.827878558,1.8908800143793554,8.864437565828618,-9.07748796262178,0.0,0.0,0.0,0.0,0,circle,0,12.827878558,Sol
Ross 458,Ross 458,,HIP 63510,2.0,1.0,0.0,1,<a refstr=STASSUN_ET_AL__2019 href=https://ui.adsabs.harvard.edu/abs/2019AJ....158..138S/abstract target=ref>TICv8</a>,,3646.0,0.562566,0.556419,,,-1.29769,4.68312,,4.406031,,,<a refstr=STASSUN_ET_AL__2019 href=https://ui.adsabs.harvard.edu/abs/2019AJ....158..138S/abstract target=ref>TICv8</a>,195.1912147,12.3755996,75.08626,311.81455,11.5094,9.76,8.90809,0,1,0,0,1,0,0,0,0,0,0,0,37.538598664,-35.38509481825076,-9.608091531725998,8.0452490003878,0.0,0.0,0.0,0.0,0,circle,0,37.538598664,Sol
TOI-4527,TOI-4527,,HIP 6069,1.0,1.0,0.0,0,<a refstr=STASSUN_ET_AL__2019 href=https://ui.adsabs.harvard.edu/abs/2019AJ....158..138S/abstract target=ref>TICv8</a>,,3702.0,0.485948,0.483997,,,-1.39838,4.74973,,5.946196,,,<a refstr=STASSUN_ET_AL__2019 href=https://ui.adsabs.harvard.edu/abs/2019AJ....158..138S/abstract target=ref>TICv8</a>,19.4722574,5.4711996,-56.779,135.00951,18.1037,10.917,10.1927,0,0,0,0,0,0,0,0,0,0,0,0,59.046303771999995,55.415418749408936,19.593437280205528,5.629793025468161,0.0,0.0,0.0,0.0,0,circle,0,59.046303772,Sol
LTT 1445,LTT 1445 B,,,3.0,2.0,0.0,0,<a refstr=STASSUN_ET_AL__2019 href=https://ui.adsabs.harvard.edu/abs/2019AJ....158..138S/abstract target=ref>TICv8</a>,,,0.384692,0.374101,,,,4.84083,,9.264349,,,<a refstr=STASSUN_ET_AL__2019 href=https://ui.adsabs.harvard.edu/abs/2019AJ....158..138S/abstract target=ref>TICv8</a>,45.462819,-16.591852,-58.07432,200.48285,17.94686,10.6,,0,0,0,0,0,0,0,0,0,0,0,0,58.5347607016,39.34525608759739,39.98608602878478,-16.71472278841555,0.0,0.0,0.0,0.0,0,circle,0,58.53476070159999,Sol
HIP 15799,HD 21175 B,HD 21175 B,,2.0,1.0,0.0,0,<a refstr=PHILIPOT_ET_AL_2023 href=https://ui.adsabs.harvard.edu/abs/2023A&A...678A.107P/abstract target=ref>Philipot et al. 2023</a>,,,,1.05,,,,,,,,,<a refstr=STASSUN_ET_AL__2019 href=https://ui.adsabs.harvard.edu/abs/2019AJ....158..138S/abstract target=ref>TICv8</a>,50.8980548,-40.0766004,-56.09096,245.2417,17.7019,10.8257,10.1233,0,0,0,0,0,0,0,0,0,0,0,0,57.73580896399999,27.86350045137155,34.2836514275398,-37.170959418864456,0.0,0.0,0.0,0.0,0,circle,0,57.735808964,Sol
